{"_timestamp":1.7627108332921374e+09,"best_epoch":29,"dur":0.14941120147705078,"valid_loss":0.3572134838330434,"training_time_s":5.902106046676636,"_runtime":5,"valid_acc":0.8470474346563408,"val_f1":0.5406976744186046,"test_logloss":0.34885505815410894,"test_accuracy":0.8449612403100775,"_wandb":{"runtime":5},"_step":28,"test_f1":0.5375722543352601,"train_loss":0.20062517835715107}