{"test_logloss":0.3537330363406472,"_runtime":8,"dur":0.2590358257293701,"valid_acc":0.8451113262342691,"training_time_s":9.357706546783447,"test_accuracy":0.8323643410852714,"valid_loss":0.36558267309728,"val_f1":0.5294117647058824,"_timestamp":1.762629704995164e+09,"_step":33,"train_loss":0.2807554993859704,"best_epoch":34,"_wandb":{"runtime":8},"test_f1":0.4835820895522388}