{"dur":0.0636749267578125,"best_val_f1":0.5376344086021505,"training_time_s":3.2381017208099365,"valid_acc":0.8470474346563408,"train_loss":0.16779743523364993,"best_val_threshold":0.30000000000000004,"valid_loss":0.525669171901317,"_runtime":2,"_wandb":{"runtime":2},"_timestamp":1.762617277978513e+09,"val_f1":0.4968152866242038,"best_epoch":24,"test_logloss":0.49038550307095913,"_step":24,"test_f1":0.5266457680250783,"test_accuracy":0.8536821705426356}