{"_wandb":{"runtime":13},"gradients/graph_41network.0.weight":{"_type":"histogram","values":[1,0,0,1,0,1,1,3,4,0,2,2,5,9,9,13,23,28,36,54,58,78,124,132,205,259,355,457,653,842,1173,1676,2472,3728,3036,1974,1315,967,744,479,401,263,202,163,106,97,63,51,42,30,20,14,12,5,0,5,3,0,2,0,0,1,0,1],"bins":[-0.007085207384079695,-0.006875098217278719,-0.0066649895161390305,-0.006454880349338055,-0.006244771182537079,-0.00603466248139739,-0.0058245533145964146,-0.005614444613456726,-0.00540433544665575,-0.0051942262798547745,-0.004984117578715086,-0.00477400841191411,-0.004563899710774422,-0.004353790543973446,-0.00414368137717247,-0.003933572210371494,-0.003723463509231806,-0.0035133545752614737,-0.0033032456412911415,-0.0030931364744901657,-0.0028830277733504772,-0.0026729186065495014,-0.0024628094397485256,-0.002252700738608837,-0.0020425915718078613,-0.0018324824050068855,-0.001622373703867197,-0.0014122645370662212,-0.0012021553702652454,-0.000992046669125557,-0.0007819375023245811,-0.0005718288011848927,-0.00036172010004520416,-0.00015161093324422836,5.849776789546013e-05,0.00026860693469643593,0.0004787156358361244,0.0006888248026371002,0.000898933969438076,0.0011090426705777645,0.0013191518373787403,0.0015292610041797161,0.0017393697053194046,0.0019494788721203804,0.002159588038921356,0.0023696967400610447,0.0025798059068620205,0.0027899148408323526,0.003000023774802685,0.003210132708773017,0.003420241642743349,0.003630350809544325,0.003840459743514657,0.004050568677484989,0.004260677844285965,0.004470787011086941,0.004680895712226629,0.004891004413366318,0.0051011135801672935,0.005311222746968269,0.005521331913769245,0.005731440614908934,0.0059415497817099094,0.006151658482849598,0.006361767649650574]},"test_f1":0.4044943820224719,"training_time_s":13.774048089981079,"gradients/graph_41network.9.bias":{"values":[1],"bins":[-0.010660343803465366,-0.010660343803465366],"_type":"histogram"},"gradients/graph_41network.6.bias":{"values":[1,0,0,1,0,0,0,0,0,1,1,0,0,0,1,0,0,0,0,1,0,1,0,1,1,2,1,1,3,1,2,2,7,2,1,5,2,3,2,5,5,9,3,3,3,2,0,0,1,0,0,2,0,0,0,0,1,0,1,0,1,0,0,1],"bins":[-0.003658352419734001,-0.0035695433616638184,-0.003480734070762992,-0.003391925012692809,-0.0033031157217919827,-0.0032143066637218,-0.003125497605651617,-0.0030366883147507906,-0.002947879023849964,-0.0028590699657797813,-0.0027702609077095985,-0.002681451616808772,-0.0025926425587385893,-0.002503833267837763,-0.00241502420976758,-0.0023262151516973972,-0.0022374058607965708,-0.0021485965698957443,-0.0020597875118255615,-0.0019709784537553787,-0.0018821691628545523,-0.0017933601047843695,-0.001704550813883543,-0.0016157417558133602,-0.0015269326977431774,-0.001438123406842351,-0.0013493143487721682,-0.0012605050578713417,-0.001171695999801159,-0.0010828867089003325,-0.0009940776508301497,-0.0009052683599293232,-0.0008164593018591404,-0.0007276502437889576,-0.0006388409528881311,-0.0005500318948179483,-0.0004612226039171219,-0.0003724135458469391,-0.00028360425494611263,-0.00019479519687592983,-0.00010598590597510338,-1.7176847904920578e-05,7.163221016526222e-05,0.00016044150106608868,0.0002492505591362715,0.0003380597336217761,0.00042686890810728073,0.0005156780825927854,0.00060448725707829,0.0006932964315637946,0.0007821056060492992,0.0008709147805348039,0.0009597239550203085,0.0010485330130904913,0.001137342187575996,0.0012261513620615005,0.0013149605365470052,0.0014037697110325098,0.0014925788855180144,0.001581388060003519,0.0016701971180737019,0.0017590064089745283,0.0018478154670447111,0.0019366246415302157,0.0020254338160157204],"_type":"histogram"},"gradients/graph_41network.6.weight":{"values":[2,0,1,4,2,2,3,2,1,6,12,8,13,20,27,21,33,41,59,60,75,92,115,145,150,209,260,297,398,496,588,858,1201,3078,1775,828,485,365,267,209,112,105,105,68,43,29,29,28,16,16,8,10,11,2,5,2,0,1,1,0,0,0,0,1],"bins":[-0.0034270058386027813,-0.003326180623844266,-0.0032253554090857506,-0.0031245301943272352,-0.00302370497956872,-0.0029228797648102045,-0.002822054550051689,-0.00272122910246253,-0.0026204041205346584,-0.0025195786729454994,-0.0024187536910176277,-0.0023179282434284687,-0.0022171030286699533,-0.002116277813911438,-0.0020154525991529226,-0.0019146273843944073,-0.001813802169635892,-0.0017129769548773766,-0.0016121517401188612,-0.0015113265253603458,-0.0014105013106018305,-0.0013096760958433151,-0.0012088508810847998,-0.0011080256663262844,-0.0010072002187371254,-0.00090637500397861,-0.0008055497892200947,-0.0007047245744615793,-0.000603899359703064,-0.0005030741449445486,-0.00040224893018603325,-0.0003014237154275179,-0.0002005987334996462,-9.977351874113083e-05,1.0516960173845291e-06,0.00010187691077589989,0.00020270212553441525,0.0003035273402929306,0.00040435255505144596,0.0005051777698099613,0.0006060029845684767,0.0007068284321576357,0.000807653646916151,0.0009084788616746664,0.0010093040764331818,0.0011101292911916971,0.0012109545059502125,0.0013117797207087278,0.0014126049354672432,0.0015134301502257586,0.001614255364984274,0.0017150805797427893,0.0018159057945013046,0.0019167311256751418,0.0020175562240183353,0.0021183816716074944,0.002219206653535366,0.002320032101124525,0.0024208570830523968,0.002521682530641556,0.002622507745400071,0.0027233329601585865,0.002824158174917102,0.0029249833896756172,0.0030258086044341326],"_type":"histogram"},"test_logloss":0.35193764062634914,"train_loss":0.32507380186459234,"gradients/graph_41network.3.bias":{"values":[2,0,0,0,0,0,0,1,0,0,1,0,2,3,4,2,3,5,2,3,7,9,2,13,12,14,11,15,13,6,10,1,5,3,4,4,0,0,0,0,1,0,0,1,0,0,0,0,0,0,0,0,0,0,0,0,0,0,0,0,0,0,0,1],"bins":[-0.003046518424525857,-0.002933196723461151,-0.0028198750223964453,-0.0027065533213317394,-0.0025932316202670336,-0.0024799099192023277,-0.0023665879853069782,-0.002253266517072916,-0.0021399445831775665,-0.0020266231149435043,-0.0019133012974634767,-0.0017999795963987708,-0.0016866577789187431,-0.0015733360778540373,-0.0014600143767893314,-0.0013466926757246256,-0.0012333709746599197,-0.0011200492735952139,-0.001006727572530508,-0.0008934058714658022,-0.0007800841704010963,-0.0006667624693363905,-0.0005534407682716846,-0.0004401190672069788,-0.0003267971333116293,-0.00021347543224692345,-0.0001001537311822176,1.316796988248825e-05,0.0001264896709471941,0.00023981137201189995,0.0003531330730766058,0.00046645477414131165,0.0005797767080366611,0.000693098409101367,0.0008064201101660728,0.0009197418112307787,0.0010330635122954845,0.0011463852133601904,0.0012597069144248962,0.001373028615489602,0.001486350316554308,0.0015996722504496574,0.0017129939515143633,0.0018263156525790691,0.001939637353643775,0.002052959054708481,0.0021662807557731867,0.0022796024568378925,0.0023929241579025984,0.0025062458589673042,0.00261956756003201,0.002732889261096716,0.0028462109621614218,0.0029595326632261276,0.003072854597121477,0.0031861760653555393,0.003299497999250889,0.003412819467484951,0.0035261414013803005,0.0036394631024450064,0.0037527848035097122,0.003866106504574418,0.003979428205639124,0.004092749673873186,0.004206071607768536],"_type":"histogram"},"val_f1":0.40145985401459855,"_runtime":13,"_step":53,"dur":0.22205305099487305,"valid_acc":0.8412391093901258,"gradients/graph_41network.3.weight":{"_type":"histogram","values":[1,0,0,1,0,0,1,1,1,0,2,1,3,1,2,5,10,10,21,15,32,35,46,75,104,168,282,390,661,1007,1583,2436,3748,5483,8447,10795,5221,3471,2284,1521,1065,700,515,330,201,148,123,72,63,26,27,23,14,9,6,4,4,0,2,1,1,0,1,1],