{"valid_acc":0.78702807357212,"_runtime":3,"_timestamp":1.7626178048673956e+09,"best_val_f1":0.5258215962441315,"dur":0.20031952857971191,"_step":15,"training_time_s":4.7109291553497314,"test_accuracy":0.7916666666666666,"best_epoch":15,"val_f1":0.5089285714285714,"test_f1":0.5168539325842697,"best_val_threshold":0.65,"train_loss":0.34261405921366106,"_wandb":{"runtime":3},"test_logloss":0.6899691601673655,"valid_loss":1.8360072741030724}