{"val_f1":0.5151515151515151,"test_f1":0.532871972318339,"_wandb":{"runtime":6},"_runtime":6,"valid_loss":1.609764814376831,"dur":0.20737028121948242,"test_accuracy":0.8037790697674418,"training_time_s":7.770365238189697,"valid_acc":0.8279569892473119,"_step":23,"test_logloss":0.539811959066915,"_timestamp":1.7627650161515234e+09,"best_epoch":24,"train_loss":0.24551834924236793}