{"gradients/graph_15network.0.weight":{"values":[1,0,1,1,2,2,2,2,4,3,4,3,9,18,13,17,17,17,21,30,37,62,65,97,118,164,202,347,649,1119,398,307,182,97,93,76,53,48,44,33,30,22,13,10,12,5,3,6,5,2,2,2,2,3,1,0,2,1,0,0,0,0,0,1],"bins":[-0.02611517533659935,-0.025221023708581924,-0.0243268720805645,-0.023432720452547073,-0.022538568824529648,-0.021644417196512222,-0.020750265568494797,-0.01985611394047737,-0.018961962312459946,-0.01806781068444252,-0.017173659056425095,-0.01627950742840767,-0.015385357663035393,-0.014491206035017967,-0.013597054407000542,-0.012702902778983116,-0.01180875115096569,-0.010914599522948265,-0.01002044789493084,-0.009126296266913414,-0.008232144638895988,-0.007337993010878563,-0.006443841382861137,-0.005549689754843712,-0.0046555399894714355,-0.00376138836145401,-0.0028672367334365845,-0.001973085105419159,-0.0010789334774017334,-0.00018478184938430786,0.0007093697786331177,0.0016035214066505432,0.002497674897313118,0.0033918265253305435,0.004285978153347969,0.005180129781365395,0.00607428140938282,0.006968433037400246,0.007862584665417671,0.008756736293435097,0.009650887921452522,0.010545037686824799,0.011439189314842224,0.01233334094285965,0.013227492570877075,0.0141216441988945,0.015015795826911926,0.015909947454929352,0.016804099082946777,0.017698250710964203,0.01859240233898163,0.019486553966999054,0.02038070559501648,0.021274857223033905,0.02216900885105133,0.023063160479068756,0.02395731210708618,0.024851463735103607,0.025745615363121033,0.02663976512849331,0.027533916756510735,0.02842806838452816,0.029322220012545586,0.03021637164056301,0.031110523268580437],"_type":"histogram"},"test_logloss":0.3470542155604929,"_step":40,"test_accuracy":0.8459302325581395,"_wandb":{"runtime":4},"val_f1":0.41379310344827586,"dur":0.13929224014282227,"valid_acc":0.8518877057115198,"valid_loss":0.34297384375062595,"gradients/graph_15network.3.weight":{"values":[1,1,1,0,0,0,0,0,1,0,0,0,0,0,0,1,1,2,0,1,3,0,2,0,2,3,3,2,4,1,1,3,2,3,4,2,5,1,1,0,1,2,3,1,0,2,1,1,0,0,0,0,0,0,0,0,0,0,0,1,0,0,0,1],"bins":[-0.027948826551437378,-0.026908153668045998,-0.025867478922009468,-0.024826806038618088,-0.023786131292581558,-0.022745458409190178,-0.021704785525798798,-0.020664110779762268,-0.019623437896370888,-0.018582765012979507,-0.017542090266942978,-0.016501417383551598,-0.015460743568837643,-0.014420069754123688,-0.013379396870732307,-0.012338723056018353,-0.011298049241304398,-0.010257376357913017,-0.009216701611876488,-0.008176028728485107,-0.007135353982448578,-0.006094681099057198,-0.005054008215665817,-0.004013333469629288,-0.0029726605862379074,-0.001931987702846527,-0.0008913129568099976,0.00014935992658138275,0.001190032809972763,0.0022307075560092926,0.003271380439400673,0.004312053322792053,0.005352731794118881,0.006393406540155411,0.007434079423546791,0.008474752306938171,0.009515427052974701,0.010556099936366081,0.011596772819757462,0.012637447565793991,0.013678120449185371,0.014718793332576752,0.01575946807861328,0.01680014096200466,0.017840813845396042,0.01888148859143257,0.01992216147482395,0.02096283622086048,0.02200350910425186,0.02304418385028839,0.02408485673367977,0.02512552961707115,0.02616620436310768,0.02720687724649906,0.028247550129890442,0.02928822487592697,0.030328897759318352,0.03136957064270973,0.03241024538874626,0.03345091640949249,0.03449159115552902,0.03553226590156555,0.03657294064760208,0.03761361166834831,0.03865428641438484],"_type":"histogram"},"_timestamp":1.7626158818513315e+09,"train_loss":0.31767783517778103,"test_f1":0.3715415019762846,"training_time_s":5.606343746185303,"best_epoch":40,"gradients/graph_15network.3.bias":{"values":[1],"bins":[0.01854020729660988,0.01854020729660988],"_type":"histogram"},"_runtime":4,"gradients/graph_15network.0.bias":{"_type":"histogram","values":[1,0,0,1,0,0,0,0,0,1,1,0,1,0,0,1,1,1,0,0,0,0,2,1,0,2,2,0,0,0,2,2,3,6,3,5,9,1,3,3,1,3,1,1,1,1,0,1,0,0,0,1,0,0,0,1,0,0,0,0,0,0,0,1],"bins":[-0.012374792248010635,-0.012027423828840256,-0.011680054478347301,-0.011332686059176922,-0.010985317640006542,-0.010637948289513588,-0.010290579870343208,-0.009943211451172829,-0.009595842100679874,-0.009248473681509495,-0.00890110433101654,-0.008553735911846161,-0.008206367492675781,-0.007858999073505402,-0.007511629723012447,-0.007164261303842068,-0.006816892419010401,-0.006469523534178734,-0.006122155115008354,-0.005774786230176687,-0.00542741734534502,-0.005080048926174641,-0.004732680041342974,-0.004385311156511307,-0.004037942737340927,-0.003690573386847973,-0.0033432049676775932,-0.0029958365485072136,-0.0026484671980142593,-0.0023010987788438797,-0.0019537303596735,-0.0016063610091805458,-0.0012589925900101662,-0.0009116241708397865,-0.0005642548203468323,-0.00021688640117645264,0.000130482017993927,0.00047785136848688126,0.0008252197876572609,0.0011725882068276405,0.0015199575573205948,0.0018673259764909744,0.0022146948613226414,0.0025620637461543083,0.002909432165324688,0.003256801050156355,0.003604169934988022,0.0039515383541584015,0.0042989072389900684,0.004646276123821735,0.004993644542992115,0.005341013427823782,0.005688382312655449,0.0060357507318258286,0.0063831196166574955,0.0067304885014891624,0.007077856920659542,0.007425225805491209,0.007772594690322876,0.008119963109493256,0.00846733245998621,0.00881470087915659,0.00916206929832697,0.009509438648819923,0.009856807067990303]}}