{"_wandb":{"runtime":4},"_runtime":4,"training_time_s":5.4605231285095215,"valid_acc":0.8431752178121975,"test_f1":0.5207100591715976,"_timestamp":1.7627116101735778e+09,"_step":15,"train_loss":0.23491896774043422,"test_logloss":0.34461389854303115,"best_epoch":16,"val_f1":0.5235294117647059,"valid_loss":0.3411477533279984,"test_accuracy":0.8430232558139535,"dur":0.26578402519226074}