{"train_loss":0.2501002545421121,"_step":24,"valid_loss":0.3691457230868206,"valid_acc":0.8489835430784124,"dur":0.21245121955871582,"training_time_s":6.745705842971802,"test_f1":0.5552238805970149,"test_accuracy":0.8556201550387597,"_wandb":{"runtime":6},"best_epoch":25,"test_logloss":0.36288782968835626,"_timestamp":1.7626277573110085e+09,"val_f1":0.5329341317365269,"_runtime":6}