{"dur":0.15474367141723633,"train_loss":0.15288363705821498,"_wandb":{"runtime":4},"training_time_s":5.694327354431152,"valid_loss":1.7402283063614588,"val_f1":0.49162011173184356,"test_logloss":0.5089659961888535,"_runtime":4,"best_epoch":23,"test_accuracy":0.8323643410852714,"_step":22,"valid_acc":0.8238141335914811,"_timestamp":1.762764262276013e+09,"test_f1":0.5260273972602739}