{"training_time_s":2.892361640930176,"_wandb":{"runtime":2},"_runtime":2,"valid_loss":0.4434506424196923,"best_epoch":16,"dur":0.13829660415649414,"train_loss":0.24114897131981755,"test_f1":0.46710526315789475,"test_accuracy":0.8430232558139535,"val_f1":0.45695364238410596,"_timestamp":1.762622434645999e+09,"test_logloss":0.46737661987926077,"_step":15,"valid_acc":0.8412391093901258}