{"dur":0.33747148513793945,"valid_acc":0.861568247821878,"test_f1":0.4934210526315789,"test_logloss":0.3676436089938391,"_wandb":{"runtime":13},"valid_loss":0.36855416971422006,"test_accuracy":0.8507751937984496,"training_time_s":13.950186014175415,"best_epoch":47,"train_loss":0.21532196563630832,"_timestamp":1.7626159485048506e+09,"_runtime":13,"_step":46,"val_f1":0.4982456140350877}