{"valid_loss":0.3691457230868206,"test_logloss":0.36288782968835626,"_runtime":6,"_wandb":{"runtime":6},"best_epoch":25,"_timestamp":1.762614918756009e+09,"train_loss":0.2501002545421121,"valid_acc":0.8489835430784124,"test_f1":0.5552238805970149,"val_f1":0.5329341317365269,"dur":0.2706315517425537,"test_accuracy":0.8556201550387597,"training_time_s":7.501553535461426,"_step":24}