{"test_f1":0.4850498338870432,"best_epoch":32,"valid_loss":0.5663286514926453,"valid_acc":0.8480154888673765,"_step":31,"dur":0.09737420082092285,"val_f1":0.5198776758409785,"test_accuracy":0.8498062015503876,"_wandb":{"runtime":5},"_timestamp":1.7626206594674463e+09,"training_time_s":8.859816312789917,"_runtime":5,"train_loss":0.13736798126378164,"test_logloss":0.6270065636619538}