{"_runtime":13,"dur":0.38695573806762695,"train_loss":0.2818469481181009,"test_f1":0.5558194774346793,"_timestamp":1.7627993989259663e+09,"test_logloss":0.5697879574281086,"_wandb":{"runtime":13},"test_accuracy":0.8187984496124031,"best_epoch":30,"_step":29,"valid_acc":0.8247821878025169,"val_f1":0.5552825552825553,"training_time_s":13.723291397094727,"valid_loss":1.5966854714874146}