{"best_epoch":24,"test_f1":0.5266457680250783,"dur":0.07356977462768555,"train_loss":0.16779743523364993,"valid_loss":0.525669171901317,"valid_acc":0.8470474346563408,"training_time_s":3.0376100540161133,"test_accuracy":0.8536821705426356,"test_logloss":0.49038550307095913,"_runtime":2,"_timestamp":1.7626277426071653e+09,"val_f1":0.4968152866242038,"_wandb":{"runtime":2},"_step":23}