{"_wandb":{"runtime":5},"_runtime":5,"valid_loss":0.3691457230868206,"test_accuracy":0.8556201550387597,"training_time_s":6.140637636184692,"valid_acc":0.8489835430784124,"dur":0.20153331756591797,"val_f1":0.5329341317365269,"_timestamp":1.7626250228241415e+09,"test_logloss":0.36288782968835626,"best_epoch":25,"train_loss":0.2501002545421121,"_step":24,"test_f1":0.5552238805970149}