{"valid_acc":0.8470474346563408,"test_f1":0.5375722543352601,"training_time_s":5.962435483932495,"train_loss":0.20062517835715107,"_timestamp":1.7627115857149227e+09,"val_f1":0.5406976744186046,"_wandb":{"runtime":5},"_runtime":5,"_step":28,"best_epoch":29,"test_accuracy":0.8449612403100775,"dur":0.13674068450927734,"test_logloss":0.34885505815410894,"valid_loss":0.3572134838330434}