{"test_logloss":0.6984323717647533,"training_time_s":3.76568865776062,"best_epoch":17,"dur":0.13385796546936035,"valid_loss":0.8597503407332696,"valid_acc":0.850919651500484,"val_f1":0.5304878048780488,"test_accuracy":0.8449612403100775,"_wandb":{"runtime":3},"train_loss":0.13765057154765753,"test_f1":0.38461538461538464,"_runtime":3,"_timestamp":1.7626206789635782e+09,"_step":16}