{"test_logloss":0.6154706297444327,"train_loss":0.1149996589880866,"training_time_s":5.731951951980591,"valid_acc":0.8315585672797676,"valid_loss":2.181619434062994,"_timestamp":1.7627994224052002e+09,"_runtime":5,"val_f1":0.5112359550561798,"dur":0.15854477882385254,"test_accuracy":0.8381782945736435,"best_epoch":20,"_wandb":{"runtime":5},"_step":19,"test_f1":0.4797507788161994}