{"test_accuracy":0.7800387596899225,"_runtime":3,"training_time_s":3.9411096572875977,"best_epoch":14,"valid_acc":0.7889641819941917,"val_f1":0.5112107623318386,"test_f1":0.5180467091295117,"test_logloss":0.5082627878457598,"_timestamp":1.7627651534026227e+09,"dur":0.15790748596191406,"train_loss":0.4555389911957619,"_wandb":{"runtime":3},"valid_loss":0.9883175906287966,"_step":13}