{"_timestamp":1.7627649575731275e+09,"_step":37,"best_epoch":38,"test_f1":0.45643153526970953,"test_logloss":1.0006769504574826,"test_accuracy":0.809593023255814,"dur":0.10367107391357422,"training_time_s":5.224294185638428,"_runtime":4,"_wandb":{"runtime":4},"valid_acc":0.8400537634408602,"val_f1":0.5220883534136547,"train_loss":0.06807020727528612,"valid_loss":3.6469923680828464}