{"valid_loss":1.1708584230497754,"_step":15,"test_f1":0.5526315789473685,"_wandb":{"runtime":8},"val_f1":0.5333333333333333,"test_accuracy":0.8352713178294574,"training_time_s":11.75048542022705,"train_loss":0.25817670207219207,"_timestamp":1.7627993689085505e+09,"best_epoch":16,"_runtime":8,"dur":0.16188955307006836,"test_logloss":0.4397987188569345,"valid_acc":0.8238141335914811}