{"gradients/graph_39network.9.bias":{"_type":"histogram","values":[1],"bins":[0.006790224462747574,0.006790224462747574]},"gradients/graph_39network.0.bias":{"_type":"histogram","values":[1,0,0,1,1,0,0,0,0,1,0,1,0,1,0,0,2,1,1,3,3,4,8,7,7,9,12,11,22,28,19,34,42,42,32,31,33,27,19,19,20,27,9,8,3,5,0,3,1,0,3,1,1,1,2,1,1,2,1,0,0,0,0,1],"bins":[-0.005520287435501814,-0.0053624738939106464,-0.005204660817980766,-0.005046847276389599,-0.004889034200459719,-0.004731220658868551,-0.004573407582938671,-0.004415594041347504,-0.0042577809654176235,-0.004099967423826456,-0.003942154347896576,-0.0037843408063054085,-0.0036265274975448847,-0.003468714188784361,-0.003310900880023837,-0.0031530875712633133,-0.0029952742625027895,-0.0028374609537422657,-0.002679647644981742,-0.002521834336221218,-0.0023640210274606943,-0.0022062077187001705,-0.0020483944099396467,-0.001890581101179123,-0.0017327675595879555,-0.0015749544836580753,-0.0014171409420669079,-0.0012593278661370277,-0.0011015143245458603,-0.0009437012486159801,-0.0007858877070248127,-0.0006280746310949326,-0.0004702610895037651,-0.00031244754791259766,-0.00015463447198271751,3.179069608449936e-06,0.00016099214553833008,0.00031880568712949753,0.00047661876305937767,0.0006344323046505451,0.0007922453805804253,0.0009500589221715927,0.0011078722309321165,0.0012656855396926403,0.001423498848453164,0.001581312157213688,0.0017391254659742117,0.0018969387747347355,0.0020547520834952593,0.002212565392255783,0.002370378701016307,0.0025281920097768307,0.0026860053185373545,0.0028438186272978783,0.0030016321688890457,0.003159445244818926,0.0033172587864100933,0.0034750718623399734,0.003632885403931141,0.0037906987126916647,0.0039485120214521885,0.004106325097382069,0.004264138638973236,0.004421951714903116,0.004579765256494284]},"_step":77,"training_time_s":24.21681022644043,"valid_loss":0.3427757090543616,"valid_acc":0.8489835430784124,"gradients/graph_39network.0.weight":{"bins":[-0.009538558311760426,-0.009244185872375965,-0.008949813432991505,-0.008655440993607044,-0.008361069485545158,-0.008066697046160698,-0.0077723246067762375,-0.007477952167391777,-0.007183579728007317,-0.006889207288622856,-0.006594834849238396,-0.0063004628755152225,-0.006006090436130762,-0.005711717996746302,-0.0054173460230231285,-0.005122973583638668,-0.004828601144254208,-0.004534228704869747,-0.004239856265485287,-0.003945484291762114,-0.003651111852377653,-0.0033567394129931927,-0.0030623674392700195,-0.002767994999885559,-0.0024736225605010986,-0.002179250121116638,-0.0018848776817321777,-0.0015905052423477173,-0.0012961337342858315,-0.001001761294901371,-0.0007073888555169106,-0.0004130164161324501,-0.00011864490807056427,0.00017572753131389618,0.00047009997069835663,0.0007644724100828171,0.0010588448494672775,0.0013532163575291634,0.0016475887969136238,0.0019419612362980843,0.0022363336756825447,0.002530706115067005,0.0028250785544514656,0.0031194505281746387,0.003413822967559099,0.0037081954069435596,0.004002567380666733,0.004296939820051193,0.004591312259435654,0.004885684698820114,0.005180057138204575,0.005474429111927748,0.005768801551312208,0.006063173990696669,0.006357545964419842,0.006651918403804302,0.006946290843188763,0.007240663282573223,0.0075350357219576836,0.007829408161342144,0.00812377966940403,0.00841815210878849,0.00871252454817295,0.009006896987557411,0.009301269426941872],"_type":"histogram","values":[1,0,0,1,0,1,0,0,2,6,0,1,2,9,7,14,16,22,38,53,66,108,156,197,295,453,662,1012,1512,2235,3353,4960,6875,4482,2987,2048,1314,957,601,440,276,198,136,100,76,53,32,15,21,9,11,5,4,5,1,2,3,1,1,1,0,1,0,3]},"test_accuracy":0.8420542635658915,"train_loss":0.28237877805037415,"gradients/graph_39network.9.weight":{"bins":[-0.019984012469649315,-0.01896650530397892,-0.017948996275663376,-0.01693148910999298,-0.015913980081677437,-0.014896472916007042,-0.013878964819014072,-0.012861456722021103,-0.011843948625028133,-0.010826440528035164,-0.009808932431042194,-0.008791424334049225,-0.00777391716837883,-0.0067564090713858604,-0.005738900974392891,-0.004721392877399921,-0.003703884780406952,-0.002686377614736557,-0.0016688685864210129,-0.000651361420750618,0.00036614760756492615,0.001383654773235321,0.002401163801550865,0.00341867096722126,0.004436178132891655,0.005453687161207199,0.006471194326877594,0.007488703355193138,0.008506210520863533,0.009523719549179077,0.010541226714849472,0.011558735743165016,0.012576241046190262,0.013593748211860657,0.0146112572401762,0.015628764405846596,0.01664627343416214,0.017663780599832535,0.01868128962814808,0.019698796793818474,0.020716305822134018,0.021733812987804413,0.022751320153474808,0.023768829181790352,0.024786336347460747,0.02580384537577629,0.026821352541446686,0.02783886156976223,0.028856368735432625,0.02987387776374817,0.030891384929418564,0.03190889209508896,0.03292640298604965,0.03394390642642975,0.03496141731739044,0.03597892448306084,0.03699643164873123,0.038013942539691925,0.03903144970536232,0.040048956871032715,0.04106646403670311,0.042083971202373505,0.0431014820933342,0.04411898925900459,0.04513649642467499],"_type":"histogram","values":[1,0,0,0,0,1,0,2,1,1,5,3,4,4,4,2,4,5,2,9,7,4,3,2,2,2,2,2,3,2,4,1,3,5,6,2,1,5,2,0,1,2,1,3,0,1,1,1,1,1,1,1,1,2,0,1,0,0,1,1,1,0,0,1]},"test_f1":0.4890282131661442,"test_logloss":0.33907525676427774,"dur":0.28329992294311523,"gradients/graph_39network.3.bias":{"bins":[-0.0037308107130229473,-0.003619937226176262,-0.003509063506498933,-0.0033981900196522474,-0.0032873162999749184,-0.003176442813128233,-0.0030655693262815475,-0.002954695839434862,-0.002843822119757533,-0.002732948400080204,-0.0026220749132335186,-0.002511201426386833,-0.0024003279395401478,-0.0022894542198628187,-0.0021785807330161333,-0.0020677070133388042,-0.001956833526492119,-0.0018459599232301116,-0.0017350863199681044,-0.001624212833121419,-0.0015133391134440899,-0.0014024656265974045,-0.001291592139750719,-0.00118071842007339,-0.0010698449332267046,-0.0009589714463800192,-0.0008480977267026901,-0.0007372242398560047,-0.0006263507530093193,-0.0005154770333319902,-0.00040460354648530483,-0.00029372982680797577,-0.00018285633996129036,-7.198285311460495e-05,3.8890866562724113e-05,0.00014976435340940952,0.0002606380730867386,0.000371511559933424,0.0004823850467801094,0.0005932587664574385,0.0007041322533041239,0.0008150057401508093,0.0009258794598281384,0.0010367529466748238,0.0011476264335215092,0.0012585001531988382,0.0013693736400455236,0.0014802472433075309,0.0015911208465695381,0.0017019944498315454,0.0018128680530935526,0.001923741539940238,0.002034615259617567,0.0021454887464642525,0.002256362233310938,0.0023672357201576233,0.0024781094398349524,0.0025889831595122814,0.002699856646358967,0.0028107301332056522,0.0029216036200523376,0.0030324773397296667,0.003143350826576352,0.003254224546253681,0.0033650980331003666],"_type":"histogram","values":[1,2,0,0,1,0,0,3,0,0,0,3,1,2,3,1,4,4,8,5,2,7,6,8,2,9,11,9,12,14,16,10,14,17,9,14,9,8,8,7,5,5,4,1,1,3,1,1,0,0,0,1,1,1,0,0,1,0,0,0,0,0,0,1]},"gradients/graph_39network.6.bias":{"values":[1,0,0,0,0,0,0,0,0,1,1,0,1,1,1,1,0,2,0,0,1,2,1,1,2,2,2,2,3,1,5,4,4,2,3,6,6,1,4,6,5,4,5,3,7,2,5,3,3,4,4,1,4,2,0,1,2,2,0,0,1,0,2,1],