{"test_f1":0.5140562248995983,"_runtime":7,"train_loss":0.15737260856204796,"_timestamp":1.7627649897360146e+09,"test_accuracy":0.8241279069767442,"_wandb":{"runtime":7},"valid_loss":2.720401889534407,"val_f1":0.49635036496350365,"_step":22,"dur":0.27892541885375977,"test_logloss":0.7140219839307764,"best_epoch":23,"valid_acc":0.8145161290322581,"training_time_s":8.737503290176392}