{"val_f1":0.49158249158249157,"_runtime":6,"gradients/graph_17network.0.bias":{"bins":[-0.010947993956506252,-0.01040270272642374,-0.009857411496341228,-0.009312119334936142,-0.00876682810485363,-0.008221536874771118,-0.007676245644688606,-0.007130954414606094,-0.006585662718862295,-0.006040371488779783,-0.005495079793035984,-0.004949788562953472,-0.00440449733287096,-0.003859205637127161,-0.003313914407044649,-0.00276862271130085,-0.002223331481218338,-0.0016780402511358261,-0.0011327490210533142,-0.0005874568596482277,-4.216562956571579e-05,0.0005031256005167961,0.001048416830599308,0.00159370806068182,0.002138999290764332,0.0026842914521694183,0.0032295826822519302,0.003774873912334442,0.004320165142416954,0.0048654573038220406,0.0054107485339045525,0.005956039763987064,0.006501330062747002,0.0070466212928295135,0.0075919125229120255,0.008137203752994537,0.008682495914399624,0.009227787144482136,0.009773078374564648,0.01031836960464716,0.010863661766052246,0.011408952996134758,0.01195424422621727,0.012499535456299782,0.013044826686382294,0.013590117916464806,0.014135410077869892,0.014680701307952404,0.015225992538034916,0.015771284699440002,0.016316575929522514,0.016861867159605026,0.017407158389687538,0.01795244961977005,0.018497740849852562,0.019043032079935074,0.019588323310017586,0.020133614540100098,0.02067890763282776,0.02122419700026512,0.021769490092992783,0.022314781323075294,0.022860072553157806,0.02340536378324032,0.02395065501332283],"_type":"histogram","values":[1,0,0,2,1,1,0,0,5,2,2,0,6,2,5,8,10,3,8,9,9,8,6,4,6,10,2,2,2,2,3,2,0,1,1,0,0,0,1,0,1,1,0,0,0,0,0,0,0,1,0,0,0,0,0,0,0,0,0,0,0,0,0,1]},"_timestamp":1.7626158960974078e+09,"_wandb":{"runtime":6},"gradients/graph_17network.6.weight":{"values":[3,0,0,2,3,1,1,1,1,0,6,2,5,4,2,5,6,2,0,4,2,2,0,1,1,1,0,0,0,0,2,1,2,0,1,2,0,0,0,0,0,0,0,0,0,0,0,0,0,0,0,0,0,0,0,0,0,0,0,0,0,0,0,1],"bins":[-0.007790746167302132,-0.00712326355278492,-0.006455781403928995,-0.0057882992550730705,-0.005120816640555859,-0.004453334026038647,-0.003785851877182722,-0.0031183697283267975,-0.0024508871138095856,-0.0017834044992923737,-0.001115922350436449,-0.00044844020158052444,0.00021904241293668747,0.0008865250274538994,0.0015540067106485367,0.0022214893251657486,0.0028889719396829605,0.0035564545542001724,0.004223937168717384,0.004891418851912022,0.0055589014664292336,0.0062263840809464455,0.006893865764141083,0.007561348378658295,0.008228830993175507,0.008896313607692719,0.00956379622220993,0.010231278836727142,0.010898759588599205,0.011566242203116417,0.012233724817633629,0.01290120743215084,0.013568688184022903,0.014236170798540115,0.014903653413057327,0.01557113602757454,0.01623861864209175,0.016906099393963814,0.017573582008481026,0.018241064622998238,0.01890854723751545,0.01957602985203266,0.020243512466549873,0.020910993218421936,0.021578475832939148,0.02224595844745636,0.022913441061973572,0.023580923676490784,0.024248406291007996,0.024915888905525208,0.02558337152004242,0.02625085413455963,0.026918336749076843,0.027585819363594055,0.028253300115466118,0.02892078272998333,0.02958826534450054,0.030255747959017754,0.030923230573534966,0.03159071132540703,0.03225819393992424,0.03292567655444145,0.033593159168958664,0.034260641783475876,0.03492812439799309],"_type":"histogram"},"gradients/graph_17network.0.weight":{"values":[1,1,2,1,3,1,2,1,2,1,3,1,9,4,4,13,18,23,22,22,39,65,76,76,114,143,181,220,293,377,470,652,771,1251,840,727,543,472,316,290,174,156,137,90,79,55,66,31,21,17,21,15,8,13,4,4,2,6,5,2,1,1,0,2],"bins":[-0.02593042142689228,-0.025164185091853142,-0.024397950619459152,-0.023631714284420013,-0.022865477949380875,-0.022099243476986885,-0.021333007141947746,-0.020566772669553757,-0.019800536334514618,-0.01903429999947548,-0.01826806366443634,-0.01750182919204235,-0.016735592857003212,-0.015969358384609222,-0.015203122049570084,-0.014436885714530945,-0.01367065031081438,-0.012904414907097816,-0.012138178572058678,-0.011371943168342113,-0.01060570776462555,-0.00983947142958641,-0.009073236957192421,-0.008307000622153282,-0.007540764287114143,-0.006774529814720154,-0.006008293479681015,-0.005242057144641876,-0.004475822672247887,-0.003709586337208748,-0.002943350002169609,-0.0021771155297756195,-0.0014108791947364807,-0.0006446428596973419,0.00012159161269664764,0.0008878279477357864,0.0016540642827749252,0.002420298755168915,0.0031865350902080536,0.003952771425247192,0.004719005897641182,0.005485242232680321,0.0062514785677194595,0.007017713040113449,0.007783949375152588,0.008550184778869152,0.009316420182585716,0.010082656517624855,0.01084889192134142,0.011615127325057983,0.012381363660097122,0.013147599063813686,0.01391383446753025,0.01468007080256939,0.015446306206285954,0.016212541610002518,0.016978777945041656,0.017745014280080795,0.018511248752474785,0.019277485087513924,0.020043719559907913,0.020809955894947052,0.02157619222998619,0.02234242670238018,0.02310866303741932],"_type":"histogram"},"best_epoch":40,"dur":0.10952019691467285,"valid_acc":0.8538238141335914,"test_logloss":0.372260185851736,"training_time_s":6.639256238937378,"test_accuracy":0.8594961240310077,"gradients/graph_17network.3.bias":{"values":[1,0,0,0,0,2,0,0,0,0,0,2,0,1,0,3,1,1,1,0,0,2,0,4,5,2,3,0,3,3,4,2,4,2,1,2,1,2,1,0,3,0,1,2,0,0,0,0,1,1,0,0,1,0,0,1,0,0,0,0,0,0,0,1],"bins":[-0.006774486508220434,-0.00653619272634387,-0.006297898944467306,-0.006059605162590742,-0.005821311380714178,-0.005583017598837614,-0.00534472381696105,-0.005106430035084486,-0.004868136253207922,-0.004629842471331358,-0.004391548689454794,-0.00415325490757823,-0.003914961125701666,-0.003676667343825102,-0.003438373561948538,-0.003200079780071974,-0.0029617859981954098,-0.0027234922163188457,-0.0024851984344422817,-0.0022469046525657177,-0.0020086108706891537,-0.0017703170888125896,-0.0015320233069360256,-0.0012937295250594616,-0.0010554357431828976,-0.0008171419613063335,-0.0005788481794297695,-0.0003405543975532055,-0.00010226061567664146,0.00013603316619992256,0.0003743269480764866,0.0006126207299530506,0.0008509140461683273,0.0010892078280448914,0.0013275016099214554,0.0015657953917980194,0.0018040891736745834,0.0020423829555511475,0.0022806767374277115,0.0025189705193042755,0.0027572643011808395,0.0029955580830574036,0.0032338518649339676,0.0034721456468105316,0.0037104394286870956,0.00394873321056366,0.004187026992440224,0.004425320774316788,0.004663614556193352,0.004901908338069916,0.00514020211994648,0.005378495901823044,0.005616789683699608,0.005855083465576172,0.006093377247452736,0.0063316710293293,0.006569964811205864,0.006808258593082428,0.007046552374958992,0.007284846156835556,0.00752313993871212,0.007761433720588684,0.007999727502465248,0.008238021284341812,0.008476315066218376],"_type":"histogram"},"train_loss":0.21351254609019832,"gradients/graph_17network.6.bias":{"_type":"histogram","values":[1],"bins":[0.017714757472276688,0.017714757472276688]},"_step":39,