{"valid_loss":0.23088382100839697,"dur":0.2197859287261963,"_runtime":4,"best_val_f1":0.5475638051044084,"_timestamp":1.7626195697010636e+09,"train_loss":0.035136912929654304,"_wandb":{"runtime":4},"best_val_threshold":0.37,"best_epoch":16,"test_logloss":0.37417423618487927,"test_f1":0.49382716049382713,"training_time_s":4.910009384155273,"valid_acc":0.8267182962245886,"_step":16,"test_accuracy":0.8410852713178295,"val_f1":0.5041551246537396}