{"test_logloss":0.3537330363406472,"_wandb":{"runtime":10},"_timestamp":1.7627108208828244e+09,"training_time_s":12.121447086334229,"_step":33,"dur":0.2402806282043457,"best_epoch":34,"valid_acc":0.8451113262342691,"_runtime":10,"valid_loss":0.36558267309728,"train_loss":0.2807554993859704,"test_accuracy":0.8323643410852714,"val_f1":0.5294117647058824,"test_f1":0.4835820895522388}