{"_wandb":{"runtime":6},"_timestamp":1.7627994411072943e+09,"valid_loss":1.5211857436125646,"valid_acc":0.8431752178121975,"_runtime":6,"val_f1":0.554945054945055,"test_logloss":0.5116253893504628,"best_epoch":19,"_step":18,"dur":0.31441831588745117,"train_loss":0.16197968715355032,"test_accuracy":0.8255813953488372,"test_f1":0.5360824742268041,"training_time_s":7.2676451206207275}