{"test_f1":0.5163043478260869,"test_logloss":0.5492526777754131,"_step":23,"best_epoch":24,"_runtime":3,"dur":0.09749364852905273,"test_accuracy":0.8275193798449613,"_timestamp":1.762792190636777e+09,"valid_acc":0.8257502420135527,"val_f1":0.5212765957446809,"training_time_s":3.667017936706543,"_wandb":{"runtime":3},"train_loss":0.1329915746489418,"valid_loss":1.6520976050029303}