{"dur":0.25542426109313965,"test_accuracy":0.8556201550387597,"best_val_threshold":0.4,"test_f1":0.5552238805970149,"val_f1":0.5329341317365269,"valid_loss":0.3691457230868206,"test_logloss":0.36288782968835626,"_runtime":6,"train_loss":0.2501002545421121,"valid_acc":0.8489835430784124,"_wandb":{"runtime":6},"_step":25,"_timestamp":1.762617293855729e+09,"training_time_s":7.307275772094727,"best_epoch":25,"best_val_f1":0.5519125683060109}