{"test_logloss":0.4943564290365679,"train_loss":0.16282060009699126,"_timestamp":1.7626297095804887e+09,"dur":0.18554902076721191,"best_epoch":13,"val_f1":0.44,"test_f1":0.4563758389261745,"test_accuracy":0.8430232558139535,"training_time_s":3.668001413345337,"_runtime":3,"_step":12,"valid_loss":0.4988510007505726,"_wandb":{"runtime":3},"valid_acc":0.8373668925459826}