{"test_f1":0.5100671140939598,"test_accuracy":0.8585271317829457,"_step":30,"val_f1":0.49025069637883006,"_timestamp":1.7626160495567753e+09,"best_epoch":31,"_wandb":{"runtime":4},"_runtime":4,"test_logloss":0.7731019629655465,"valid_acc":0.8228460793804453,"training_time_s":5.189710855484009,"dur":0.09662318229675293,"train_loss":0.0956078428809888,"valid_loss":0.8819007675045342}