{"train_loss":0.2684375936821208,"dur":0.365556001663208,"gradients/graph_60network.0.bias":{"_type":"histogram","values":[1,0,0,0,1,0,2,1,1,3,5,0,2,4,3,4,7,4,8,5,9,7,6,12,12,11,9,11,13,12,12,12,14,16,11,16,20,21,13,20,23,22,16,15,12,15,19,16,13,10,6,8,7,6,4,1,2,3,1,0,2,0,0,3],"bins":[-0.032085198909044266,-0.03117368556559086,-0.03026217222213745,-0.029350658878684044,-0.028439145535230637,-0.02752763219177723,-0.026616118848323822,-0.025704605504870415,-0.024793092161417007,-0.0238815788179636,-0.022970065474510193,-0.022058552131056786,-0.02114703878760338,-0.02023552544414997,-0.019324012100696564,-0.018412498757243156,-0.01750098541378975,-0.016589472070336342,-0.015677958726882935,-0.014766445383429527,-0.01385493203997612,-0.012943418696522713,-0.012031905353069305,-0.011120392009615898,-0.01020887866616249,-0.009297365322709084,-0.008385851979255676,-0.007474338635802269,-0.006562825292348862,-0.005651311948895454,-0.004739798605442047,-0.00382828526198864,-0.0029167737811803818,-0.0020052604377269745,-0.0010937470942735672,-0.0001822337508201599,0.0007292795926332474,0.0016407929360866547,0.002552306279540062,0.0034638196229934692,0.0043753329664468765,0.005286846309900284,0.006198359653353691,0.007109872996807098,0.008021386340260506,0.008932899683713913,0.00984441302716732,0.010755926370620728,0.011667439714074135,0.012578953057527542,0.01349046640098095,0.014401979744434357,0.015313493087887764,0.01622500643134117,0.01713651977479458,0.018048033118247986,0.018959546461701393,0.0198710598051548,0.020782573148608208,0.021694086492061615,0.022605599835515022,0.02351711317896843,0.024428626522421837,0.025340139865875244,0.02625165320932865]},"valid_loss":2.3420700781977764,"best_epoch":62,"gradients/graph_60network.9.bias":{"bins":[-0.00636360002681613,-0.005868856329470873,-0.005374112632125616,-0.004879368469119072,-0.004384624771773815,-0.003889881307259202,-0.0033951373770833015,-0.0029003936797380447,-0.002405649982392788,-0.0019109062850475311,-0.0014161625877022743,-0.0009214188903570175,-0.0004266747273504734,6.80689699947834e-05,0.0005628126673400402,0.001057556364685297,0.0015523000620305538,0.0020470437593758106,0.0025417874567210674,0.0030365311540663242,0.003531274851411581,0.004026018548756838,0.004520762246102095,0.0050155059434473515,0.005510250572115183,0.00600499426946044,0.0064997379668056965,0.006994481664150953,0.00748922536149621,0.007983969524502754,0.008478712290525436,0.008973456919193268,0.00946819968521595,0.009962943382561207,0.010457687079906464,0.01095243077725172,0.011447174474596977,0.011941918171942234,0.01243666186928749,0.012931405566632748,0.013426149263978004,0.013920893892645836,0.014415637589991093,0.01491038128733635,0.015405124984681606,0.015899868682026863,0.016394611448049545,0.016889356076717377,0.017384100705385208,0.01787884347140789,0.018373586237430573,0.018868330866098404,0.019363075494766235,0.019857818260788918,0.02035256288945675,0.02084730565547943,0.021342050284147263,0.021836793050169945,0.022331537678837776,0.02282628044486046,0.02332102507352829,0.023815767839550972,0.024310512468218803,0.024805255234241486,0.025299999862909317],"_type":"histogram","values":[1,0,1,1,3,1,1,3,1,1,2,1,1,4,3,0,1,0,0,0,0,1,1,0,1,0,1,0,1,0,0,2,1,0,1,1,1,1,5,0,3,0,2,0,3,1,1,2,0,0,3,2,1,2,1,0,0,0,0,0,0,0,0,1]},"best_val_f1":0.5370843989769821,"_step":62,"_timestamp":1.762618200319153e+09,"gradients/graph_60network.12.weight":{"bins":[-0.025969350710511208,-0.020445093512535095,-0.014920835383236408,-0.009396577253937721,-0.003872320055961609,0.0016519371420145035,0.007176196202635765,0.012700451537966728,0.01822471059858799,0.02374896965920925,0.029273224994540215,0.03479748219251633,0.04032174497842789,0.04584600031375885,0.05137025564908981,0.05689451843500137,0.062418773770332336,0.0679430291056633,0.07346729189157486,0.07899154722690582,0.08451580256223679,0.09004006534814835,0.09556432068347931,0.10108857601881027,0.10661283880472183,0.1121370866894722,0.11766134947538376,0.12318561226129532,0.1287098526954651,0.13423411548137665,0.1397583782672882,0.14528262615203857,0.15080688893795013,0.1563311517238617,0.16185539960861206,0.16737966239452362,0.17290392518043518,0.17842817306518555,0.1839524358510971,0.18947669863700867,0.19500094652175903,0.2005252093076706,0.20604947209358215,0.21157371997833252,0.21709798276424408,0.22262224555015564,0.228146493434906,0.23367075622081757,0.23919501900672913,0.2447192668914795,0.25024354457855225,0.2557677924633026,0.261292040348053,0.26681628823280334,0.2723405659198761,0.27786481380462646,0.28338906168937683,0.2889133393764496,0.29443758726119995,0.2999618351459503,0.30548611283302307,0.31101036071777344,0.3165346086025238,0.32205888628959656,0.3275831341743469],"_type":"histogram","values":[3,2,5,0,1,1,0,5,4,4,3,1,1,1,1,1,1,0,0,1,2,2,0,0,1,0,4,2,1,0,0,0,1,1,0,0,1,2,2,1,2,0,0,1,0,0,1,0,0,0,0,0,0,2,0,0,0,0,1,0,0,1,0,1]},"test_accuracy":0.8284883720930233,"gradients/graph_60network.3.bias":{"values":[1,0,0,0,0,0,0,0,0,0,0,0,0,0,0,0,0,0,0,2,0,0,0,1,0,1,4,1,1,1,0,1,2,2,4,1,5,23,128,19,3,12,7,2,2,2,3,5,2,2,1,1,2,0,3,3,3,0,4,0,0,0,0,2],"bins":[-0.03574135899543762,-0.034802284091711044,-0.03386320918798447,-0.03292413055896759,-0.03198505565524101,-0.031045980751514435,-0.030106905847787857,-0.02916783094406128,-0.0282287560403347,-0.027289679273962975,-0.026350604370236397,-0.02541152760386467,-0.024472452700138092,-0.023533377796411514,-0.022594302892684937,-0.02165522798895836,-0.020716151222586632,-0.019777076318860054,-0.018837999552488327,-0.01789892464876175,-0.01695984974503517,-0.016020772978663445,-0.015081698074936867,-0.014142623171210289,-0.013203546404838562,-0.012264471501111984,-0.011325396597385406,-0.010386321693658829,-0.009447244927287102,-0.008508170023560524,-0.007569095119833946,-0.006630018353462219,-0.0056909434497356415,-0.004751868546009064,-0.0038127917796373367,-0.002873716875910759,-0.0019346419721841812,-0.0009955652058124542,-5.6490302085876465e-05,0.0008825846016407013,0.001821659505367279,0.002760736271739006,0.003699811175465584,0.0046388860791921616,0.0055779628455638885,0.006517037749290466,0.007456112653017044,0.008395189419388771,0.009334264323115349,0.010273340158164501,0.011212415061891079,0.012151490896940231,0.013090565800666809,0.014029641635715961,0.014968717470765114,0.01590779237449169,0.01684686914086342,0.017785944044589996,0.018725018948316574,0.019664093852043152,0.02060317061841488,0.021542245522141457,0.022481320425868034,0.02342039719223976,0.02435947209596634],"_type":"histogram"},"gradients/graph_60network.12.bias":{"bins":[0.15620340406894684,0.15620340406894684],"_type":"histogram","values":[1]},"gradients/graph_60network.0.weight":{"values":[1,1,1,0,0,0,1,0,0,0,2,0,1,3,3,1,1,3,2,3,6,2,7,11,7,11,11,22,15,32,52,64,111,169,257,498,788,1441,2556,4705,10385,6452,3400,1955,1138,655,403,241,146,83,60,35,34,13,17,7,7,12,3,1,1,2,1,1],