{"_step":23,"dur":0.0869600772857666,"_runtime":3,"test_logloss":0.49038550307095913,"valid_acc":0.8470474346563408,"val_f1":0.4968152866242038,"_timestamp":1.7626250089520102e+09,"test_f1":0.5266457680250783,"_wandb":{"runtime":3},"valid_loss":0.525669171901317,"train_loss":0.16779743523364993,"test_accuracy":0.8536821705426356,"training_time_s":3.705517292022705,"best_epoch":24}