{"training_time_s":16.674057722091675,"best_epoch":26,"_runtime":16,"_step":25,"dur":0.6189689636230469,"valid_acc":0.8518877057115198,"_wandb":{"runtime":16},"test_f1":0.5418994413407822,"val_f1":0.5292307692307693,"valid_loss":0.43940636659868687,"test_accuracy":0.8410852713178295,"_timestamp":1.7626160013715596e+09,"test_logloss":0.44162641593383983,"train_loss":0.2245400900595656}