{"train_loss":0.16197968715355032,"test_accuracy":0.8255813953488372,"_wandb":{"runtime":7},"valid_loss":1.5211857436125646,"_timestamp":1.7627922180245948e+09,"dur":0.2572009563446045,"test_logloss":0.5116253893504628,"test_f1":0.5360824742268041,"val_f1":0.554945054945055,"_step":18,"training_time_s":8.504798650741577,"best_epoch":19,"_runtime":7,"valid_acc":0.8431752178121975}