{"test_accuracy":0.8449612403100775,"training_time_s":8.978690385818481,"_wandb":{"runtime":8},"valid_acc":0.8092933204259438,"test_f1":0.5294117647058824,"test_logloss":0.6897200045557295,"_step":19,"train_loss":0.11967196731459685,"valid_loss":2.046939014349879,"_runtime":8,"best_epoch":20,"dur":0.32305335998535156,"_timestamp":1.7627642723897893e+09,"val_f1":0.5012658227848101}