{"gradients/graph_14network.6.weight":{"bins":[-0.010983227752149105,-0.010483658872544765,-0.009984089992940426,-0.009484521113336086,-0.008984952233731747,-0.008485383354127407,-0.007985815405845642,-0.007486246060580015,-0.006986677180975676,-0.006487108301371336,-0.005987539421766996,-0.005487970542162657,-0.0049884021282196045,-0.004488833248615265,-0.003989264369010925,-0.0034896954894065857,-0.002990126609802246,-0.0024905577301979065,-0.001990988850593567,-0.0014914199709892273,-0.0009918510913848877,-0.0004922822117805481,7.286667823791504e-06,0.0005068555474281311,0.001006423495709896,0.0015059923753142357,0.0020055612549185753,0.002505130134522915,0.0030046990141272545,0.003504267893731594,0.004003836773335934,0.004503405652940273,0.005002973601222038,0.005502542480826378,0.0060021113604307175,0.006501680240035057,0.007001249119639397,0.007500817999243736,0.008000386878848076,0.008499955758452415,0.008999524638056755,0.00949909258633852,0.00999866146594286,0.0104982303455472,0.010997799225151539,0.011497368104755878,0.011996936984360218,0.012496505863964558,0.012996074743568897,0.013495643623173237,0.013995212502777576,0.014494781382381916,0.014994350261986256,0.01549391821026802,0.01599348708987236,0.0164930559694767,0.01699262484908104,0.01749219372868538,0.01799176260828972,0.018491331487894058,0.018990900367498398,0.019490469247102737,0.019990038126707077,0.020489607006311417,0.020989175885915756],"_type":"histogram","values":[1,0,0,1,0,2,1,0,1,1,0,0,1,1,2,0,2,0,0,3,1,0,3,1,1,0,1,1,1,1,1,0,1,1,0,1,1,0,0,0,0,0,0,0,0,0,0,0,0,0,0,0,0,0,0,0,0,0,0,0,0,0,0,1]},"test_logloss":0.3751842249981991,"test_accuracy":0.8507751937984496,"gradients/graph_14network.0.bias":{"_type":"histogram","values":[2,1,1,1,0,1,1,1,1,0,1,1,3,1,0,1,2,2,7,3,2,3,1,5,0,4,6,2,0,3,2,1,1,1,0,1,0,0,0,0,1,0,0,0,0,0,0,0,0,0,0,0,0,0,0,0,0,0,0,0,0,0,0,1],"bins":[-0.011879165656864643,-0.011283819563686848,-0.010688474401831627,-0.010093128308653831,-0.00949778314679861,-0.008902437053620815,-0.008307091891765594,-0.007711745798587799,-0.007116400171071291,-0.006521054543554783,-0.005925708916038275,-0.005330363288521767,-0.004735017195343971,-0.004139671567827463,-0.003544325940310955,-0.0029489807784557343,-0.002353634685277939,-0.0017582885921001434,-0.0011629434302449226,-0.0005675973370671272,2.7747824788093567e-05,0.000623093917965889,0.0012184390798211098,0.0018137851729989052,0.0024091312661767006,0.0030044764280319214,0.003599822521209717,0.004195167683064938,0.004790513776242733,0.005385859869420528,0.005981204099953175,0.00657655019313097,0.007171895354986191,0.007767241448163986,0.008362587541341782,0.008957931771874428,0.009553277865052223,0.010148623958230019,0.01074396912008524,0.011339315213263035,0.011934660375118256,0.012530006468296051,0.013125352561473846,0.013720697723329067,0.014316043816506863,0.014911388978362083,0.015506735071539879,0.016102079302072525,0.01669742539525032,0.017292771488428116,0.01788811758160591,0.018483463674783707,0.019078809767961502,0.019674155861139297,0.020269500091671944,0.02086484618484974,0.021460192278027534,0.02205553650856018,0.022650882601737976,0.02324622869491577,0.023841574788093567,0.024436920881271362,0.02503226511180401,0.025627611204981804,0.0262229572981596]},"_step":26,"training_time_s":6.132461309432983,"test_f1":0.45,"gradients/graph_14network.0.weight":{"bins":[-0.032903265208005905,-0.03179838880896568,-0.03069351427257061,-0.029588637873530388,-0.028483763337135315,-0.027378886938095093,-0.02627401053905487,-0.02516913414001465,-0.024064259603619576,-0.022959385067224503,-0.02185450866818428,-0.020749632269144058,-0.019644755870103836,-0.018539881333708763,-0.01743500493466854,-0.016330130398273468,-0.015225253999233246,-0.014120377600193024,-0.01301550306379795,-0.011910626664757729,-0.010805752128362656,-0.009700875729322433,-0.008595999330282211,-0.007491124793887138,-0.006386248394846916,-0.005281371995806694,-0.004176497459411621,-0.003071621060371399,-0.0019667446613311768,-0.0008618682622909546,0.00024300441145896912,0.0013478808104991913,0.0024527572095394135,0.0035576336085796356,0.004662510007619858,0.0057673826813697815,0.006872259080410004,0.007977135479450226,0.009082011878490448,0.010186886414885521,0.011291762813925743,0.012396639212965965,0.013501513749361038,0.01460639014840126,0.015711266547441483,0.016816141083836555,0.017921017482876778,0.01902589201927185,0.020130768418312073,0.021235644817352295,0.022340519353747368,0.02344539575278759,0.024550270289182663,0.025655146688222885,0.026760023087263107,0.02786489948630333,0.028969774022698402,0.030074648559093475,0.031179524958133698,0.03228440135717392,0.03338927775621414,0.034494154155254364,0.03559902682900429,0.03670390322804451,0.03780877962708473],"_type":"histogram","values":[1,0,0,1,1,3,1,1,2,2,5,8,7,3,9,20,18,32,33,38,50,94,109,139,158,187,260,347,403,699,421,310,286,208,145,112,89,59,55,39,18,18,14,13,8,7,10,5,5,1,3,5,7,1,1,2,2,1,1,1,0,0,0,2]},"_runtime":5,"train_loss":0.22076406016837524,"dur":0.1113438606262207,"best_epoch":27,"_timestamp":1.7626158749606378e+09,"val_f1":0.43508771929824563,"gradients/graph_14network.3.weight":{"_type":"histogram","values":[1,0,0,0,1,0,0,0,3,4,4,2,3,5,2,4,5,4,14,18,16,25,24,50,56,77,85,144,175,231,312,207,122,90,65,66,54,38,33,19,15,13,12,7,5,4,6,7,3,4,3,0,0,0,2,2,0,1,1,1,0,1,1,1],"bins":[-0.009012488648295403,-0.00871257670223713,-0.00841266568750143,-0.008112754672765732,-0.007812842726707458,-0.0075129312463104725,-0.0072130197659134865,-0.0069131082855165005,-0.0066131968051195145,-0.0063132853247225285,-0.0060133738443255424,-0.0057134623639285564,-0.0054135508835315704,-0.005113639403134584,-0.004813727922737598,-0.004513816442340612,-0.004213904961943626,-0.00391399348154664,-0.0036140820011496544,-0.0033141705207526684,-0.0030142590403556824,-0.0027143475599586964,-0.0024144360795617104,-0.0021145245991647243,-0.0018146131187677383,-0.0015147016383707523,-0.0012147901579737663,-0.0009148791432380676,-0.0006149671971797943,-0.000315055251121521,-1.5144236385822296e-05,0.0002847667783498764,0.0005846777930855751,0.0008845897391438484,0.0011845007538795471,0.0014844117686152458,0.0017843237146735191,0.0020842356607317924,0.002384146675467491,0.002684058155864477,0.002983969636261463,0.003283881116658449,0.003583792597055435,0.003883704077452421,0.004183615557849407,0.004483527038246393,0.004783438518643379,0.005083349999040365,0.005383261479437351,0.005683172959834337,0.005983084440231323,0.006282995920628309,0.006582907401025295,0.006882818881422281,0.007182730361819267,0.007482641842216253,0.007782553322613239,0.008082464337348938,0.008382376283407211,0.008682288229465485,0.008982199244201183,0.009282110258936882,0.009582022204995155,0.009881934151053429,0.010181845165789127]},"gradients/graph_14network.3.bias":{"_type":"histogram","values":[1,0,0,0,0,0,0,0,0,0,0,0,0,0,0,0,1,0,0,0,0,0,0,0,1,1,0,2,4,0,0,1,1,2,2,3,1,1,2,0,2,1,0,1,0,0,1,1,0,0,0,0,0,0,0,1,1,0,0,0,0,0,0,1],