{"train_loss":0.16282060009699126,"valid_loss":0.4988510007505726,"test_f1":0.4563758389261745,"test_accuracy":0.8430232558139535,"dur":0.16811060905456543,"best_epoch":13,"valid_acc":0.8373668925459826,"_step":12,"_runtime":2,"_timestamp":1.7627108259176688e+09,"_wandb":{"runtime":2},"val_f1":0.44,"test_logloss":0.4943564290365679,"training_time_s":3.746290922164917}