{"dur":0.07575345039367676,"test_accuracy":0.8352713178294574,"_runtime":2,"train_loss":0.041760664475019846,"val_f1":0.4954682779456193,"test_logloss":0.38491810182534664,"_wandb":{"runtime":2},"best_epoch":26,"best_val_f1":0.5275229357798165,"_step":26,"valid_acc":0.8383349467570184,"valid_loss":0.18271180294951764,"_timestamp":1.76261953755418e+09,"best_val_threshold":0.32,"test_f1":0.4585987261146497,"training_time_s":4.490013122558594}