{"valid_acc":0.8451113262342691,"test_logloss":0.5251923572322451,"valid_loss":0.47167107957665017,"val_f1":0.48717948717948717,"training_time_s":6.408228158950806,"dur":0.10209083557128906,"test_accuracy":0.8352713178294574,"best_epoch":27,"train_loss":0.1624356913464463,"_wandb":{"runtime":5},"_timestamp":1.762628702084676e+09,"test_f1":0.44805194805194803,"_runtime":5,"_step":26}