{"training_time_s":10.188331604003906,"best_epoch":27,"valid_loss":2.99130595790985,"test_logloss":0.8827425346002007,"val_f1":0.5173333333333333,"test_accuracy":0.7858527131782945,"_wandb":{"runtime":9},"test_f1":0.49195402298850577,"_step":26,"valid_acc":0.8247821878025169,"train_loss":0.23519581360887515,"_runtime":9,"dur":0.34448742866516113,"_timestamp":1.7627651481446908e+09}