{"test_logloss":0.3444068943278209,"dur":0.30051231384277344,"best_epoch":24,"_wandb":{"runtime":13},"valid_loss":0.34002987415839026,"training_time_s":15.179783344268799,"_step":23,"test_accuracy":0.8362403100775194,"train_loss":0.2866199397904603,"test_f1":0.5157593123209169,"val_f1":0.5247813411078717,"valid_acc":0.8422071636011617,"_timestamp":1.762710807103459e+09,"_runtime":13}