{"train_loss":0.227396209802583,"valid_acc":0.846079380445305,"valid_loss":0.37850148182466903,"_timestamp":1.7626264110602965e+09,"_runtime":4,"dur":0.09331774711608887,"test_f1":0.4878048780487805,"training_time_s":5.37969183921814,"_wandb":{"runtime":4},"test_logloss":0.3774383008167362,"test_accuracy":0.8575581395348837,"best_epoch":43,"_step":42,"val_f1":0.4854368932038835}