{"val_f1":0.529126213592233,"test_f1":0.5236907730673317,"test_accuracy":0.814922480620155,"test_logloss":0.7552836779045692,"_wandb":{"runtime":2},"train_loss":0.21334780024467104,"_step":22,"dur":0.10054683685302734,"best_epoch":23,"_runtime":2,"valid_acc":0.8121974830590513,"_timestamp":1.762794374586502e+09,"valid_loss":2.0199114922343933,"training_time_s":3.403527021408081}