{"_timestamp":1.7626264044880297e+09,"train_loss":0.16779743523364993,"valid_acc":0.8470474346563408,"training_time_s":2.611344575881958,"best_epoch":24,"test_f1":0.5266457680250783,"_wandb":{"runtime":1},"_runtime":1,"valid_loss":0.525669171901317,"_step":23,"val_f1":0.4968152866242038,"dur":0.07232260704040527,"test_accuracy":0.8536821705426356,"test_logloss":0.49038550307095913}