{"_step":13,"valid_loss":0.3307147905129546,"train_loss":0.2517898949073978,"test_logloss":0.33183941720651716,"_timestamp":1.7627115900750847e+09,"dur":0.08812475204467773,"valid_acc":0.8528557599225557,"test_f1":0.46864686468646866,"test_accuracy":0.8439922480620154,"best_epoch":14,"training_time_s":2.667722702026367,"_runtime":1,"_wandb":{"runtime":1},"val_f1":0.48299319727891155}