{"_runtime":4,"_step":28,"train_loss":0.2842923600493562,"dur":0.15564680099487305,"valid_acc":0.8073572120038722,"val_f1":0.5227817745803357,"_timestamp":1.7627921585445933e+09,"test_f1":0.5445544554455446,"training_time_s":4.852734088897705,"best_epoch":29,"test_accuracy":0.8217054263565892,"_wandb":{"runtime":4},"valid_loss":1.2576190998195333,"test_logloss":0.46817944435035896}