{"_runtime":2,"_step":22,"training_time_s":3.6171164512634277,"dur":0.10055279731750488,"valid_loss":2.0199114922343933,"valid_acc":0.8121974830590513,"val_f1":0.529126213592233,"test_f1":0.5236907730673317,"_wandb":{"runtime":2},"test_accuracy":0.814922480620155,"best_epoch":23,"train_loss":0.21334780024467104,"_timestamp":1.7627921523492477e+09,"test_logloss":0.7552836779045692}