{"val_f1":0.5041551246537396,"best_epoch":16,"valid_loss":0.23088382100839697,"valid_acc":0.8267182962245886,"training_time_s":4.552645444869995,"_wandb":{"runtime":3},"_runtime":3,"_timestamp":1.7626195638410373e+09,"train_loss":0.035136912929654304,"dur":0.19286370277404785,"best_val_f1":0.5475638051044084,"test_f1":0.49382716049382713,"test_accuracy":0.8410852713178295,"test_logloss":0.37417423618487927,"_step":16,"best_val_threshold":0.37}