{"test_logloss":0.4431508246140794,"best_epoch":10,"_timestamp":1.7627650230302317e+09,"train_loss":0.34388611337686953,"valid_acc":0.831989247311828,"dur":0.47650909423828125,"test_f1":0.547945205479452,"training_time_s":5.504229307174683,"_wandb":{"runtime":4},"_step":9,"_runtime":4,"val_f1":0.5644599303135889,"valid_loss":1.157402519256838,"test_accuracy":0.8081395348837209}