{"dur":0.08851194381713867,"train_loss":0.21580302082582425,"_step":46,"valid_loss":0.38843874005097734,"best_epoch":47,"test_logloss":0.38023086162655795,"test_accuracy":0.8575581395348837,"_runtime":5,"test_f1":0.5180327868852459,"_wandb":{"runtime":5},"val_f1":0.5016501650165016,"valid_acc":0.8538238141335914,"training_time_s":6.012305736541748,"_timestamp":1.7626173156000404e+09}