{"_timestamp":1.7626195453906345e+09,"test_accuracy":0.8488372093023255,"test_f1":0.5,"_step":43,"_runtime":6,"dur":0.11660504341125488,"training_time_s":6.610852241516113,"best_epoch":43,"val_f1":0.5079365079365079,"best_val_f1":0.5623471882640587,"valid_acc":0.8499515972894482,"_wandb":{"runtime":6},"best_val_threshold":0.38,"train_loss":0.05948170806094617,"test_logloss":0.3489393189851114,"valid_loss":0.10399113536342647}