{"valid_acc":0.8422071636011617,"test_logloss":0.3444068943278209,"valid_loss":0.34002987415839026,"val_f1":0.5247813411078717,"dur":0.1092684268951416,"test_f1":0.5157593123209169,"test_accuracy":0.8362403100775194,"training_time_s":4.496316909790039,"best_epoch":24,"_wandb":{"runtime":3},"train_loss":0.2866199397904603,"_timestamp":1.7626296947344272e+09,"_runtime":3,"_step":23}