{"best_epoch":51,"_runtime":8,"_timestamp":1.762616032073773e+09,"valid_loss":0.41815240525379993,"valid_acc":0.8557599225556631,"test_f1":0.4738675958188153,"test_logloss":0.41194799661567255,"dur":0.12436938285827637,"val_f1":0.4808362369337979,"training_time_s":8.67542576789856,"train_loss":0.16942294166652586,"_step":50,"test_accuracy":0.8536821705426356,"_wandb":{"runtime":8}}