{"valid_acc":0.8576960309777347,"test_logloss":0.36145002921092323,"test_accuracy":0.8546511627906976,"best_epoch":60,"_runtime":8,"val_f1":0.5180327868852459,"_step":60,"_wandb":{"runtime":8},"_timestamp":1.762616022480758e+09,"test_f1":0.512987012987013,"training_time_s":8.840566396713257,"dur":0.12153005599975586,"train_loss":0.16379890943551484,"valid_loss":0.35806747100389014}