{"test_f1":0.4988558352402746,"_wandb":{"runtime":4},"val_f1":0.5201793721973094,"test_accuracy":0.7877906976744186,"_runtime":4,"dur":0.30318737030029297,"test_logloss":0.5377832989410023,"_timestamp":1.7627651600693486e+09,"valid_acc":0.7928363988383349,"_step":11,"training_time_s":5.386023044586182,"best_epoch":12,"valid_loss":1.2367838113374885,"train_loss":0.3771161065666104}