{"test_accuracy":0.8498062015503876,"valid_loss":0.5794236436774747,"_timestamp":1.7626160434102201e+09,"_runtime":9,"val_f1":0.49517684887459806,"dur":0.6561930179595947,"best_epoch":18,"test_logloss":0.6724894327700426,"training_time_s":10.391055583953857,"test_f1":0.43636363636363634,"valid_acc":0.8480154888673765,"_step":17,"_wandb":{"runtime":9},"train_loss":0.11668624035967659}