{"_step":34,"valid_loss":1.3044958365044312,"test_f1":0.5445783132530121,"training_time_s":6.622459173202515,"_runtime":5,"val_f1":0.5174825174825175,"dur":0.1372973918914795,"test_accuracy":0.8168604651162791,"valid_acc":0.7996127783155856,"_timestamp":1.7627642301213284e+09,"test_logloss":0.5235206106896949,"best_epoch":35,"_wandb":{"runtime":5},"train_loss":0.24650215385085203}