{"_step":23,"valid_loss":1.6520976050029303,"_timestamp":1.7627994154983127e+09,"train_loss":0.1329915746489418,"test_logloss":0.5492526777754131,"test_accuracy":0.8275193798449613,"training_time_s":5.218020915985107,"_wandb":{"runtime":4},"valid_acc":0.8257502420135527,"val_f1":0.5212765957446809,"dur":0.10457205772399902,"test_f1":0.5163043478260869,"_runtime":4,"best_epoch":24}