{"_timestamp":1.7626264186661377e+09,"_runtime":5,"best_epoch":25,"_wandb":{"runtime":5},"train_loss":0.2501002545421121,"val_f1":0.5329341317365269,"_step":24,"valid_loss":0.3691457230868206,"test_accuracy":0.8556201550387597,"test_logloss":0.36288782968835626,"training_time_s":6.412879705429077,"dur":0.22752976417541504,"valid_acc":0.8489835430784124,"test_f1":0.5552238805970149}