{"test_f1":0.5239616613418531,"best_epoch":18,"val_f1":0.5283018867924528,"_timestamp":1.762764963244153e+09,"dur":0.16429400444030762,"_runtime":3,"_wandb":{"runtime":3},"train_loss":0.4120628572508102,"valid_loss":1.1331993302991312,"test_logloss":0.49165463168503737,"test_accuracy":0.7834302325581395,"valid_acc":0.7983870967741935,"training_time_s":4.291745901107788,"_step":17}