{"train_loss":0.227396209802583,"_timestamp":1.7626250158125877e+09,"_step":42,"test_logloss":0.3774383008167362,"valid_acc":0.846079380445305,"val_f1":0.4854368932038835,"dur":0.08683657646179199,"training_time_s":5.604401111602783,"_wandb":{"runtime":4},"_runtime":4,"valid_loss":0.37850148182466903,"test_f1":0.4878048780487805,"test_accuracy":0.8575581395348837,"best_epoch":43}