{"_timestamp":1.7626178110928202e+09,"test_logloss":0.6899691601673655,"_step":15,"_wandb":{"runtime":4},"val_f1":0.5089285714285714,"_runtime":4,"test_accuracy":0.7916666666666666,"best_epoch":15,"training_time_s":4.960815906524658,"valid_acc":0.78702807357212,"train_loss":0.34261405921366106,"best_val_f1":0.5258215962441315,"dur":0.34981441497802734,"best_val_threshold":0.65,"test_f1":0.5168539325842697,"valid_loss":1.8360072741030724}