{"test_accuracy":0.8052325581395349,"training_time_s":8.599045276641846,"_timestamp":1.7627125488849e+09,"valid_acc":0.7957405614714425,"best_epoch":44,"test_logloss":0.4591144139812061,"val_f1":0.5403050108932462,"dur":0.16092729568481445,"valid_loss":1.1116133968977822,"test_f1":0.5483146067415731,"train_loss":0.35330188118408773,"_wandb":{"runtime":7},"_runtime":7,"_step":43}