{"test_f1":0.5026362038664324,"dur":0.3327908515930176,"val_f1":0.5051194539249146,"valid_loss":1.2033674220724928,"best_val_threshold":0.83,"_timestamp":1.7626182070180082e+09,"test_logloss":1.0079894472028212,"best_epoch":12,"_runtime":4,"_wandb":{"runtime":4},"train_loss":0.6160404051139338,"test_accuracy":0.7257751937984496,"valid_acc":0.7192642787996127,"best_val_f1":0.523517382413088,"_step":12,"training_time_s":5.506108283996582}