{"val_f1":0.5013333333333333,"training_time_s":3.194413900375366,"train_loss":0.22179698621310673,"_runtime":2,"test_f1":0.527363184079602,"test_logloss":0.6336618425316609,"_wandb":{"runtime":2},"valid_acc":0.818973862536302,"_timestamp":1.762764222086294e+09,"_step":18,"valid_loss":1.9221871788654068,"dur":0.10058832168579102,"test_accuracy":0.8158914728682171,"best_epoch":19}