{"dur":0.20551657676696777,"_wandb":{"runtime":8},"_timestamp":1.7627125598944583e+09,"training_time_s":9.250182151794434,"best_epoch":30,"_step":29,"_runtime":8,"val_f1":0.5311004784688995,"train_loss":0.334762533607884,"valid_loss":1.2038361448055315,"valid_acc":0.8102613746369797,"test_logloss":0.4829534425835313,"test_f1":0.5364705882352941,"test_accuracy":0.8091085271317829}