{"_runtime":5,"test_f1":0.4878048780487805,"_wandb":{"runtime":5},"test_accuracy":0.8575581395348837,"best_epoch":43,"_step":42,"val_f1":0.4854368932038835,"train_loss":0.227396209802583,"_timestamp":1.762616848101026e+09,"test_logloss":0.3774383008167362,"training_time_s":6.238685131072998,"dur":0.11957812309265137,"valid_loss":0.37850148182466903,"valid_acc":0.846079380445305}