{"train_loss":0.1250281784656387,"valid_acc":0.8480154888673765,"val_f1":0.4290909090909091,"best_epoch":18,"dur":0.19162225723266602,"training_time_s":4.807556867599487,"test_f1":0.4626865671641791,"_timestamp":1.7626168619980643e+09,"test_logloss":0.8196913952455678,"_runtime":4,"_step":17,"test_accuracy":0.8604651162790697,"valid_loss":0.8384270755121519,"_wandb":{"runtime":4}}