{"valid_loss":1.2251536487984864,"test_accuracy":0.8226744186046512,"val_f1":0.5265822784810127,"test_f1":0.5525672371638142,"valid_acc":0.818973862536302,"test_logloss":0.4767642726302797,"_step":32,"train_loss":0.26403538642271285,"best_epoch":33,"_timestamp":1.7627125276207502e+09,"training_time_s":15.153272151947021,"_wandb":{"runtime":14},"_runtime":14,"dur":0.09120440483093262}