{"valid_acc":0.8489835430784124,"test_logloss":0.36288782968835626,"dur":0.24214482307434082,"test_f1":0.5552238805970149,"best_epoch":25,"val_f1":0.5329341317365269,"training_time_s":6.721022605895996,"_runtime":6,"valid_loss":0.3691457230868206,"_timestamp":1.7626168560085363e+09,"_step":24,"test_accuracy":0.8556201550387597,"_wandb":{"runtime":6},"train_loss":0.2501002545421121}