{"valid_loss":1.7068934094121126,"best_epoch":21,"_step":20,"test_accuracy":0.7761627906976745,"_wandb":{"runtime":2},"train_loss":0.3229051731766694,"test_logloss":0.6198590531453404,"training_time_s":3.5581209659576416,"val_f1":0.49148418491484186,"_timestamp":1.762765121308139e+09,"test_f1":0.4665127020785219,"dur":0.08896064758300781,"valid_acc":0.797676669893514,"_runtime":2}