{"best_epoch":14,"test_f1":0.5302325581395348,"valid_acc":0.7841239109390126,"val_f1":0.5120350109409191,"test_accuracy":0.8042635658914729,"dur":0.26167917251586914,"training_time_s":4.739842653274536,"_step":13,"_wandb":{"runtime":3},"_runtime":3,"_timestamp":1.7627651162999995e+09,"test_logloss":0.4446187648880171,"valid_loss":0.9382484664298443,"train_loss":0.48154315415572524}