{"test_f1":0.5341246290801187,"test_accuracy":0.8478682170542635,"_runtime":4,"_timestamp":1.762617321763925e+09,"valid_acc":0.8393030009680542,"_step":26,"best_epoch":27,"test_logloss":0.37887482590526544,"training_time_s":4.976008415222168,"_wandb":{"runtime":4},"valid_loss":0.3944978667107579,"dur":0.16228938102722168,"train_loss":0.23835185816045368,"val_f1":0.5284090909090909}