{"_runtime":2,"best_epoch":24,"valid_acc":0.8257502420135527,"training_time_s":3.3016388416290283,"_timestamp":1.7627944003682723e+09,"dur":0.08952832221984863,"test_f1":0.5163043478260869,"_wandb":{"runtime":2},"test_accuracy":0.8275193798449613,"test_logloss":0.5492526777754131,"valid_loss":1.6520976050029303,"val_f1":0.5212765957446809,"_step":23,"train_loss":0.1329915746489418}