{"dur":0.06608724594116211,"valid_acc":0.8451113262342691,"best_epoch":27,"_timestamp":1.7627115569418473e+09,"valid_loss":0.47167107957665017,"test_logloss":0.5251923572322451,"training_time_s":3.3676393032073975,"_wandb":{"runtime":2},"test_f1":0.44805194805194803,"_step":26,"train_loss":0.1624356913464463,"val_f1":0.48717948717948717,"test_accuracy":0.8352713178294574,"_runtime":2}