{"test_accuracy":0.8391472868217055,"_runtime":8,"valid_loss":3.3990199466660576,"valid_acc":0.8344627299128751,"training_time_s":9.279884099960327,"best_epoch":28,"test_f1":0.5654450261780105,"train_loss":0.07546935967505287,"_wandb":{"runtime":8},"val_f1":0.4864864864864865,"_timestamp":1.7627642551931155e+09,"_step":27,"dur":0.28336262702941895,"test_logloss":0.9258159982386652}