{"train_loss":0.13992060027389883,"test_f1":0.5473145780051151,"valid_loss":1.67720481718729,"training_time_s":4.617169141769409,"val_f1":0.5355191256830601,"test_logloss":0.5283531099790467,"_runtime":3,"_step":33,"best_epoch":34,"valid_acc":0.8354307841239109,"_timestamp":1.762794410945215e+09,"dur":0.11173677444458008,"test_accuracy":0.8284883720930233,"_wandb":{"runtime":3}}