{"_step":22,"dur":0.16040968894958496,"valid_loss":2.0199114922343933,"_wandb":{"runtime":5},"val_f1":0.529126213592233,"test_accuracy":0.814922480620155,"training_time_s":5.93634819984436,"test_f1":0.5236907730673317,"test_logloss":0.7552836779045692,"_runtime":5,"valid_acc":0.8121974830590513,"best_epoch":23,"_timestamp":1.7627993760109313e+09,"train_loss":0.21334780024467104}