{"valid_acc":0.8145161290322581,"_timestamp":1.7627650070563884e+09,"test_logloss":0.5933794471149323,"training_time_s":7.785627841949463,"_runtime":6,"_step":16,"dur":0.3426797389984131,"train_loss":0.17198618830738263,"valid_loss":1.9045474529266357,"_wandb":{"runtime":6},"test_f1":0.512396694214876,"best_epoch":17,"val_f1":0.5460526315789473,"test_accuracy":0.8284883720930233}