{"valid_loss":0.3459345430049176,"gradients/graph_37network.9.bias":{"_type":"histogram","values":[1],"bins":[-0.021926771849393845,-0.021926771849393845]},"_runtime":18,"test_f1":0.4791666666666667,"_wandb":{"runtime":18},"gradients/graph_37network.6.weight":{"bins":[-0.006873842794448137,-0.006666624452918768,-0.006459406111389399,-0.0062521882355213165,-0.006044969893991947,-0.005837751552462578,-0.0056305332109332085,-0.005423314869403839,-0.00521609652787447,-0.0050088781863451,-0.004801659844815731,-0.004594441503286362,-0.00438722362741828,-0.00418000528588891,-0.003972786944359541,-0.0037655688356608152,-0.003558350494131446,-0.0033511321526020765,-0.003143914043903351,-0.0029366957023739815,-0.002729477360844612,-0.0025222590193152428,-0.0023150406777858734,-0.0021078228019177914,-0.001900604460388422,-0.0016933861188590527,-0.0014861677773296833,-0.001278949435800314,-0.0010717310942709446,-0.0008645132184028625,-0.0006572948768734932,-0.00045007653534412384,-0.00024285819381475449,-3.563985228538513e-05,0.00017157848924398422,0.0003787968307733536,0.0005860147066414356,0.000793233048170805,0.0010004513897001743,0.0012076697312295437,0.001414888072758913,0.0016221064142882824,0.0018293242901563644,0.002036542631685734,0.002243760973215103,0.0024509793147444725,0.002658197656273842,0.0028654157649725676,0.003072634106501937,0.0032798524480313063,0.003487070556730032,0.0036942888982594013,0.0039015072397887707,0.004108725115656853,0.004315943457186222,0.004523161798715591,0.004730380140244961,0.00493759848177433,0.0051448168233036995,0.005352035164833069,0.005559253506362438,0.0057664718478918076,0.00597368972375989,0.006180908065289259,0.006388126406818628],"_type":"histogram","values":[1,0,0,0,0,0,1,0,4,2,0,0,3,3,2,4,2,8,9,12,23,25,41,39,52,82,115,148,214,315,464,653,1176,1705,833,556,414,316,235,165,122,83,74,74,41,34,33,17,26,17,10,8,2,4,7,4,4,2,5,0,2,0,0,1]},"val_f1":0.45051194539249145,"gradients/graph_37network.3.weight":{"values":[1,0,1,3,1,2,1,2,1,9,3,2,8,11,11,19,25,38,43,61,101,155,212,342,625,1015,1698,2706,4492,7684,4410,2802,1918,1299,899,672,468,321,225,153,98,70,55,34,24,12,8,9,6,3,0,3,4,1,0,0,1,0,0,0,0,0,0,1],"bins":[-0.009344836696982384,-0.009029253385961056,-0.008713670074939728,-0.0083980867639184,-0.008082503452897072,-0.007766920141875744,-0.007451337296515703,-0.007135753985494375,-0.006820170674473047,-0.006504587363451719,-0.006189004052430391,-0.005873421207070351,-0.005557837896049023,-0.005242254585027695,-0.004926671274006367,-0.004611087962985039,-0.004295504651963711,-0.003979921340942383,-0.003664338029921055,-0.003348754718899727,-0.003033171407878399,-0.0027175885625183582,-0.0024020052514970303,-0.0020864219404757023,-0.0017708386294543743,-0.0014552557840943336,-0.0011396724730730057,-0.0008240891620516777,-0.0005085058510303497,-0.00019292254000902176,0.0001226607710123062,0.0004382440820336342,0.0007538273930549622,0.0010694107040762901,0.001384994015097618,0.001700577326118946,0.002016160637140274,0.002331743948161602,0.00264732725918293,0.002962910570204258,0.0032784934155642986,0.0035940767265856266,0.003909660037606955,0.0042252433486282825,0.004540826193988323,0.004856409505009651,0.005171992816030979,0.005487576127052307,0.005803159438073635,0.006118742749094963,0.006434326060116291,0.006749909371137619,0.007065492682158947,0.007381075993180275,0.007696658838540316,0.008012242615222931,0.008327824994921684,0.008643409237265587,0.00895899161696434,0.009274574927985668,0.009590158239006996,0.009905741550028324,0.010221324861049652,0.01053690817207098,0.010852491483092308],"_type":"histogram"},"gradients/graph_37network.0.bias":{"values":[1,0,0,1,2,0,0,3,0,1,1,1,1,4,3,4,3,9,3,12,10,13,9,11,11,8,14,20,23,12,11,10,6,4,3,7,5,2,2,2,5,0,0,3,2,3,2,3,1,0,0,2,1,0,0,0,0,0,0,0,0,0,0,2],"bins":[-0.005123567301779985,-0.004928022623062134,-0.004732477478682995,-0.004536932799965143,-0.004341387655586004,-0.004145842976868153,-0.003950297832489014,-0.003754753153771162,-0.0035592082422226667,-0.0033636633306741714,-0.003168118419125676,-0.002972573507577181,-0.0027770288288593292,-0.002581483917310834,-0.0023859390057623386,-0.0021903940942138433,-0.001994849182665348,-0.0017993042711168528,-0.0016037593595683575,-0.0014082144480198622,-0.0012126695364713669,-0.0010171248577535152,-0.0008215797133743763,-0.0006260350346565247,-0.000430490355938673,-0.00023494521155953407,-3.9400532841682434e-05,0.0001561446115374565,0.00035168929025530815,0.0005472344346344471,0.0007427791133522987,0.0009383242577314377,0.0011338694021105766,0.0013294140808284283,0.0015249592252075672,0.0017205039039254189,0.0019160490483045578,0.0021115937270224094,0.0023071388714015484,0.0025026835501194,0.002698228694498539,0.0028937733732163906,0.0030893180519342422,0.003284863196313381,0.003480407875031233,0.003675952786579728,0.0038714976981282234,0.004067042842507362,0.004262587521225214,0.004458132199943066,0.004653677344322205,0.0048492224887013435,0.005044767167419195,0.005240311846137047,0.005435856990516186,0.005631401669234037,0.005826946347951889,0.006022491492331028,0.006218036636710167,0.006413581315428019,0.00660912599414587,0.006804671138525009,0.007000215817242861,0.007195760961622,0.007391305640339851],"_type":"histogram"},"dur":0.2404022216796875,"_step":69,"gradients/graph_37network.6.bias":{"_type":"histogram","values":[1,0,0,0,0,1,0,0,1,0,0,0,0,0,1,0,1,0,1,1,2,1,0,1,0,3,0,2,2,2,3,1,5,1,4,2,2,1,5,1,2,0,1,1,1,1,1,0,1,0,3,2,1,0,0,0,0,0,0,0,1,1,1,2],"bins":[-0.005003889091312885,-0.0048603820614516735,-0.004716875031590462,-0.00457336800172925,-0.004429860971868038,-0.004286353942006826,-0.004142846912145615,-0.00399934034794569,-0.0038558330852538347,-0.003712326055392623,-0.003568819025531411,-0.003425312228500843,-0.0032818051986396313,-0.0031382981687784195,-0.0029947911389172077,-0.002851284109055996,-0.002707777079194784,-0.0025642700493335724,-0.0024207630194723606,-0.002277255989611149,-0.002133748959749937,-0.001990242162719369,-0.0018467351328581572,-0.0017032281029969454,-0.0015597210731357336,-0.0014162140432745218,-0.00127270701341331,-0.0011291999835520983,-0.0009856931865215302,-0.0008421861566603184,-0.0006986791267991066,-0.0005551720969378948,-0.00041166460141539574,-0.00026815757155418396,-0.00012465054169297218,1.8856488168239594e-05,0.00016236351802945137,0.0003058703150600195,0.00044937734492123127,0.000592884374782443,0.0007363914046436548,0.0008798984345048666,0.0010234054643660784,0.0011669124942272902,0.0013104192912578583,0.00145392632111907,0.0015974333509802818,0.0017409403808414936,0.0018844474107027054,0.002027954440563917,0.002171461470425129,0.0023149685002863407,0.0024584755301475525,0.0026019825600087643,0.0027454893570393324,0.002888996386900544,0.003032503416761756,0.0031760104466229677,0.0033195174764841795,0.0034630242735147476,0.0036065313033759594,0.003750038333237171,0.003893545363098383,0.004037052392959595,0.0041805594228208065]},"training_time_s":19.489718914031982,"gradients/graph_37network.9.weight":{"_type":"histogram","values":[1,1,2,0,2,0,0,0,1,0,0,1,2,1,3,1,2,1,2,6,1,2,3,0,4,1,3,2,2,1,2,2,7,0,0,0,0,0,0,0,1,0,1,1,0,0,0,0,2,0,0,1,0,0,0,1,0,0,0,0,0,0,0,1],