{"valid_loss":1.3027195556293036,"test_logloss":0.5138358964289208,"_runtime":4,"valid_acc":0.8044530493707648,"test_accuracy":0.8013565891472868,"training_time_s":7.077723741531372,"best_epoch":20,"_wandb":{"runtime":4},"_step":19,"dur":0.2154545783996582,"val_f1":0.5190476190476191,"test_f1":0.5221445221445221,"train_loss":0.17687490596701919,"_timestamp":1.762764217514432e+09}