{"val_f1":0.527027027027027,"dur":0.27108240127563477,"test_accuracy":0.8313953488372093,"_runtime":6,"valid_acc":0.8118279569892473,"test_f1":0.546875,"training_time_s":7.604961395263672,"train_loss":0.16636331088939427,"test_logloss":0.5119112820765328,"_wandb":{"runtime":6},"valid_loss":1.3486244678497314,"_timestamp":1.7627649509710615e+09,"_step":21,"best_epoch":22}