{"test_f1":0.5558194774346793,"valid_loss":1.5966854714874146,"_wandb":{"runtime":8},"training_time_s":9.024309635162354,"test_accuracy":0.8187984496124031,"best_epoch":30,"test_logloss":0.5697879574281086,"train_loss":0.2818469481181009,"_step":29,"_runtime":8,"valid_acc":0.8247821878025169,"val_f1":0.5552825552825553,"_timestamp":1.7627943903418398e+09,"dur":0.25269579887390137}