{"_step":42,"val_f1":0.4854368932038835,"dur":0.09946584701538086,"test_f1":0.4878048780487805,"_timestamp":1.7626259220574055e+09,"_wandb":{"runtime":5},"_runtime":5,"train_loss":0.227396209802583,"test_accuracy":0.8575581395348837,"valid_loss":0.37850148182466903,"valid_acc":0.846079380445305,"test_logloss":0.3774383008167362,"training_time_s":6.375216245651245,"best_epoch":43}