{"train_loss":0.24425599336755432,"_wandb":{"runtime":14},"_runtime":14,"valid_acc":0.8252688172043011,"training_time_s":15.137901544570923,"best_epoch":34,"test_f1":0.5138339920948617,"valid_loss":1.9463538867171093,"val_f1":0.5289855072463768,"dur":0.40073657035827637,"test_logloss":0.6214806386591376,"test_accuracy":0.8212209302325582,"_timestamp":1.762764979632636e+09,"_step":33}