{"_step":15,"dur":0.16471004486083984,"test_f1":0.4968944099378882,"_timestamp":1.7627108488133686e+09,"valid_loss":0.3383619674091071,"best_epoch":16,"test_logloss":0.33167689475367407,"test_accuracy":0.8430232558139535,"training_time_s":3.811194896697998,"_wandb":{"runtime":2},"_runtime":2,"val_f1":0.5233644859813084,"train_loss":0.26925032227333956,"valid_acc":0.8518877057115198}