{"test_accuracy":0.8517441860465116,"test_f1":0.5203761755485894,"val_f1":0.4779874213836478,"_timestamp":1.7626159222217886e+09,"train_loss":0.14592343967713547,"valid_loss":0.48050775612990254,"_step":22,"best_epoch":23,"test_logloss":0.4732383173489563,"_runtime":3,"dur":0.12503433227539062,"training_time_s":4.419920921325684,"_wandb":{"runtime":3},"valid_acc":0.8393030009680542}