{"training_time_s":11.511861085891724,"_runtime":10,"best_val_f1":0.5705705705705706,"dur":0.22182273864746094,"_step":41,"test_f1":0.5378151260504201,"val_f1":0.5571030640668524,"_wandb":{"runtime":10},"valid_acc":0.846079380445305,"best_val_threshold":0.52,"test_logloss":0.3638902195879054,"valid_loss":0.12623936689791468,"test_accuracy":0.8401162790697675,"train_loss":0.055500046917365965,"best_epoch":41,"_timestamp":1.7626195581084058e+09}