{"dur":0.11136889457702637,"test_accuracy":0.8536821705426356,"_runtime":2,"train_loss":0.16779743523364993,"valid_acc":0.8470474346563408,"test_f1":0.5266457680250783,"best_epoch":24,"valid_loss":0.525669171901317,"val_f1":0.4968152866242038,"training_time_s":3.3071272373199463,"_timestamp":1.7626146957226553e+09,"test_logloss":0.49038550307095913,"_wandb":{"runtime":2},"_step":23}