{"valid_acc":0.8315585672797676,"val_f1":0.5112359550561798,"training_time_s":3.955063819885254,"valid_loss":2.181619434062994,"_timestamp":1.7627944052306864e+09,"_step":19,"test_logloss":0.6154706297444327,"_wandb":{"runtime":3},"best_epoch":20,"dur":0.14344000816345215,"test_f1":0.4797507788161994,"test_accuracy":0.8381782945736435,"_runtime":3,"train_loss":0.1149996589880866}