{"train_loss":0.2842923600493562,"valid_acc":0.8073572120038722,"best_epoch":29,"test_f1":0.5445544554455446,"training_time_s":4.337176561355591,"test_logloss":0.46817944435035896,"_wandb":{"runtime":3},"valid_loss":1.2576190998195333,"test_accuracy":0.8217054263565892,"_timestamp":1.7627943801245055e+09,"_runtime":3,"dur":0.1020505428314209,"val_f1":0.5227817745803357,"_step":28}