{"test_logloss":0.9686937460046452,"_runtime":19,"training_time_s":20.418500661849976,"best_val_f1":0.5407725321888412,"_timestamp":1.762618174335172e+09,"valid_loss":1.6259191586687396,"val_f1":0.5009140767824497,"gradients/graph_59network.3.weight":{"values":[1,2,0,1,0,0,0,2,3,10,8,12,12,28,42,69,94,180,222,411,580,862,1294,1826,2779,3759,5143,4160,3185,2265,1560,1250,867,614,423,306,222,145,127,78,48,42,30,29,13,8,13,6,8,7,5,5,1,2,0,0,1,1,2,1,1,1,1,1],"bins":[-0.014139575883746147,-0.01361076720058918,-0.013081958517432213,-0.01255315076559782,-0.012024342082440853,-0.011495533399283886,-0.010966725647449493,-0.010437916964292526,-0.009909108281135559,-0.009380299597978592,-0.008851490914821625,-0.008322683162987232,-0.007793874479830265,-0.007265065796673298,-0.006736257579177618,-0.006207449361681938,-0.005678640678524971,-0.005149831995368004,-0.004621023312211037,-0.004092215560376644,-0.003563406877219677,-0.00303459819406271,-0.0025057904422283173,-0.00197698175907135,-0.001448173075914383,-0.0009193643927574158,-0.0003905557096004486,0.00013825204223394394,0.0006670607253909111,0.0011958694085478783,0.0017246771603822708,0.002253485843539238,0.0027822963893413544,0.0033111050724983215,0.0038399137556552887,0.004368721507489681,0.004897530190646648,0.005426338873803616,0.005955146625638008,0.006483955308794975,0.0070127639919519424,0.00754157267510891,0.008070381358265877,0.00859918911010027,0.009127997793257236,0.009656806476414204,0.010185614228248596,0.010714422911405563,0.01124323159456253,0.011772040277719498,0.012300848960876465,0.012829656712710857,0.013358465395867825,0.013887274079024792,0.014416081830859184,0.014944890514016151,0.015473699197173119,0.016002507880330086,0.016531316563487053,0.01706012524664402,0.017588932067155838,0.018117740750312805,0.018646549433469772,0.01917535811662674,0.019704166799783707],"_type":"histogram"},"dur":0.2069401741027832,"train_loss":0.3045083809543098,"best_epoch":89,"_step":89,"gradients/graph_59network.0.weight":{"bins":[-0.1102760061621666,-0.10746993869543076,-0.10466387122869492,-0.10185779631137848,-0.09905172884464264,-0.0962456613779068,-0.09343959391117096,-0.09063352644443512,-0.08782745152711868,-0.08502138406038284,-0.082215316593647,-0.07940924167633057,-0.07660317420959473,-0.07379710674285889,-0.07099103927612305,-0.06818497180938721,-0.06537890434265137,-0.06257283687591553,-0.05976676195859909,-0.05696069449186325,-0.05415462329983711,-0.05134855583310127,-0.048542484641075134,-0.045736417174339294,-0.042930349707603455,-0.040124282240867615,-0.03731820732355118,-0.03451213985681534,-0.0317060723900795,-0.02890000492334366,-0.02609393000602722,-0.023287862539291382,-0.020481795072555542,-0.017675727605819702,-0.014869660139083862,-0.012063585221767426,-0.009257517755031586,-0.006451450288295746,-0.003645382821559906,-0.0008393079042434692,0.0019667595624923706,0.0047728270292282104,0.00757889449596405,0.010384965687990189,0.013191033154726028,0.015997104346752167,0.018803171813488007,0.021609243005514145,0.024415310472249985,0.027221377938985825,0.030027449131011963,0.0328335165977478,0.03563958778977394,0.03844565525650978,0.04125172644853592,0.04405779391527176,0.0468638613820076,0.04966993257403374,0.052476003766059875,0.055282071232795715,0.058088138699531555,0.060894209891557693,0.06370028108358383,0.06650634855031967,0.06931241601705551],"_type":"histogram","values":[1,0,0,0,0,0,0,0,0,0,0,0,1,0,0,0,0,2,2,2,4,4,1,6,6,10,11,20,29,32,52,92,123,223,357,559,1018,1801,3095,4567,2494,1486,823,437,254,139,87,64,36,22,17,15,9,3,5,3,2,1,2,2,0,0,0,1]},"gradients/graph_59network.3.bias":{"bins":[-0.012721851468086243,-0.012348814867436886,-0.011975777335464954,-0.011602740734815598,-0.01122970413416624,-0.010856667533516884,-0.010483630001544952,-0.010110593400895596,-0.009737556800246239,-0.009364519268274307,-0.00899148266762495,-0.008618446066975594,-0.008245408535003662,-0.007872371934354305,-0.007499334868043661,-0.007126298267394304,-0.00675326120108366,-0.006380224134773016,-0.006007187534123659,-0.005634150467813015,-0.005261113867163658,-0.004888076335191727,-0.00451503973454237,-0.004142003133893013,-0.0037689656019210815,-0.0033959290012717247,-0.003022892400622368,-0.002649855799973011,-0.0022768182680010796,-0.0019037816673517227,-0.0015307450667023659,-0.0011577075347304344,-0.000784670002758503,-0.0004116334021091461,-3.859587013721466e-05,0.0003344407305121422,0.000707477331161499,0.0010805148631334305,0.0014535514637827873,0.0018265880644321442,0.002199624665081501,0.0025726621970534325,0.0029456987977027893,0.003318735398352146,0.0036917729303240776,0.0040648095309734344,0.004437846597284079,0.0048108831979334354,0.00518392026424408,0.005556957330554724,0.005929993931204081,0.006303030997514725,0.006676067598164082,0.007049104664474726,0.00742214173078537,0.007795178331434727,0.008168214932084084,0.008541252464056015,0.008914289064705372,0.009287325665354729,0.00966036319732666,0.010033399797976017,0.010406436398625374,0.010779473930597305,0.011152510531246662],"_type":"histogram","values":[2,0,0,0,0,0,1,1,0,0,1,0,1,0,0,0,1,5,1,3,4,2,3,2,2,3,2,2,2,3,3,5,3,2,2,4,7,4,5,3,3,1,4,2,5,3,0,5,3,1,4,1,5,0,2,4,2,1,2,0,0,0,0,1]},"best_val_threshold":0.88,"gradients/graph_59network.9.weight":{"bins":[-0.0014494042843580246,-0.0003610097337514162,0.0007273848168551922,0.0018157793674618006,0.002904173918068409,0.003992568701505661,0.005080963019281626,0.0061693573370575905,0.0072577521204948425,0.008346146903932095,0.009434541687369347,0.010522935539484024,0.011611330322921276,0.012699725106358528,0.013788118958473206,0.014876514673233032,0.01596490852534771,0.017053302377462387,0.018141698092222214,0.01923009194433689,0.020318487659096718,0.021406881511211395,0.022495275363326073,0.0235836710780859,0.024672064930200577,0.025760458782315254,0.02684885449707508,0.02793724834918976,0.029025642201304436,0.030114037916064262,0.03120243363082409,0.03229082375764847,0.033379219472408295,0.03446761518716812,0.03555600717663765,0.036644402891397476,0.0377327986061573,0.03882119059562683,0.03990958631038666,0.040997982025146484,0.04208637773990631,0.04317476972937584,0.044263165444135666,0.045351557433605194,0.04643995314836502,0.04752834886312485,0.048616744577884674,0.0497051402926445,0.05079353228211403,0.05188192427158356,0.052970319986343384,0.05405871570110321,0.05514711141586304,0.056235507130622864,0.05732389912009239,0.05841229483485222,0.05950068682432175,0.060589082539081573,0.0616774782538414,0.06276587396860123,0.06385426968336105,0.06494265794754028,0.06603105366230011,0.06711944937705994,0.06820784509181976],"_type":"histogram","values":[1,4,1,1,3,0,2,6,3,1,6,2,3,1,0,1,0,0,2,0,2,1,1,1,0,1,0,2,0,3,0,1,2,0,0,0,2,0,0,1,0,1,0,2,0,1,0,1,0,1,0,1,0,0,1,1,0,0,0,0,0,0,0,1]},"test_accuracy":0.75,"_wandb":{"runtime":19},"gradients/graph_59network.9.bias":{"_type":"histogram","values":[1],"bins":[0.030089575797319412,0.030089575797319412]},"gradients/graph_59network.0.bias":{"_type":"histogram","values":[1,0,0,0,0,0,0,1,1,1,2,4,2,2,4,7,5,6,8,8,11,16,14,18,19,24,11,12,17,13,9,4,9,7,6,3,3,5,1,0,0,1,0,0,0,0,0,0,0,0,0,0,0,0,0,0,0,0,0,0,0,0,0,1],