{"_runtime":5,"test_f1":0.48739495798319327,"test_accuracy":0.8226744186046512,"training_time_s":6.733194828033447,"valid_loss":2.2016422543474423,"_step":30,"_timestamp":1.7627649979616902e+09,"_wandb":{"runtime":5},"best_epoch":31,"test_logloss":0.6107887519714766,"dur":0.1731410026550293,"train_loss":0.11139564361647537,"valid_acc":0.8333333333333334,"val_f1":0.515625}