{"valid_loss":0.38173862481769266,"_runtime":4,"test_f1":0.5460122699386503,"training_time_s":5.260500192642212,"val_f1":0.5173501577287066,"_wandb":{"runtime":4},"_timestamp":1.7627115972895176e+09,"valid_acc":0.8518877057115198,"test_accuracy":0.8565891472868217,"best_epoch":17,"dur":0.1847977638244629,"train_loss":0.16439132581494925,"test_logloss":0.392225649168897,"_step":16}