{"dur":0.17943572998046875,"test_f1":0.4816053511705686,"_wandb":{"runtime":3},"valid_loss":0.630246739885035,"_timestamp":1.762623287762929e+09,"training_time_s":4.067340612411499,"_runtime":3,"best_epoch":17,"test_logloss":0.6796280125697359,"test_accuracy":0.8498062015503876,"valid_acc":0.8422071636011617,"train_loss":0.17392950160883422,"val_f1":0.4359861591695502,"_step":16}