{"_wandb":{"runtime":8},"train_loss":0.5581009989463156,"valid_acc":0.7754114230396902,"training_time_s":9.0879065990448,"test_f1":0.5454545454545454,"dur":0.2223799228668213,"_runtime":8,"_step":27,"valid_loss":0.9907745272642414,"best_val_threshold":0.71,"_timestamp":1.7626177992688415e+09,"test_accuracy":0.7819767441860465,"val_f1":0.5245901639344263,"best_val_f1":0.5643835616438356,"best_epoch":27,"test_logloss":0.4411563999555101}