{"best_epoch":21,"_wandb":{"runtime":2},"_step":20,"train_loss":0.3135078725228057,"test_logloss":0.35106319003181735,"test_accuracy":0.8401162790697675,"valid_loss":0.3364914169053602,"_runtime":2,"_timestamp":1.7626232732543974e+09,"test_f1":0.42105263157894735,"val_f1":0.47586206896551725,"dur":0.08594369888305664,"valid_acc":0.8528557599225557,"training_time_s":2.8958981037139893}