{"train_loss":0.2807554993859704,"dur":0.23076581954956055,"test_f1":0.4835820895522388,"_wandb":{"runtime":8},"valid_acc":0.8451113262342691,"val_f1":0.5294117647058824,"valid_loss":0.36558267309728,"test_logloss":0.3537330363406472,"test_accuracy":0.8323643410852714,"_step":33,"training_time_s":8.96709394454956,"_runtime":8,"_timestamp":1.7627115731276433e+09,"best_epoch":34}