{"_runtime":6,"valid_acc":0.8480154888673765,"test_f1":0.4444444444444444,"valid_loss":0.3555240727463396,"test_logloss":0.3635153401839352,"_wandb":{"runtime":6},"_timestamp":1.762622430887955e+09,"training_time_s":6.794933319091797,"dur":0.1552293300628662,"train_loss":0.30023939953043455,"val_f1":0.4713804713804714,"test_accuracy":0.8449612403100775,"best_epoch":40,"_step":39}