{"_timestamp":1.7626287075487728e+09,"_step":23,"valid_acc":0.8422071636011617,"dur":0.13353228569030762,"_wandb":{"runtime":4},"best_epoch":24,"train_loss":0.2866199397904603,"test_f1":0.5157593123209169,"test_logloss":0.3444068943278209,"training_time_s":4.598970651626587,"_runtime":4,"valid_loss":0.34002987415839026,"val_f1":0.5247813411078717,"test_accuracy":0.8362403100775194}