{"test_accuracy":0.8556201550387597,"_wandb":{"runtime":6},"valid_loss":0.3691457230868206,"test_f1":0.5552238805970149,"_step":24,"_timestamp":1.7626145872845101e+09,"best_epoch":25,"_runtime":6,"dur":0.25584864616394043,"valid_acc":0.8489835430784124,"val_f1":0.5329341317365269,"training_time_s":7.536465883255005,"train_loss":0.2501002545421121,"test_logloss":0.36288782968835626}