{"valid_loss":0.3620634368419763,"test_f1":0.4844290657439446,"training_time_s":5.002868413925171,"_step":27,"dur":0.12156033515930176,"train_loss":0.21831906918177105,"best_epoch":28,"_runtime":4,"val_f1":0.47719298245614034,"test_logloss":0.35342218811042864,"_wandb":{"runtime":4},"valid_acc":0.8557599225556631,"_timestamp":1.7626159087031474e+09,"test_accuracy":0.8556201550387597}