{"_timestamp":1.7626259292943797e+09,"test_logloss":0.36288782968835626,"test_accuracy":0.8556201550387597,"train_loss":0.2501002545421121,"valid_loss":0.3691457230868206,"test_f1":0.5552238805970149,"best_epoch":25,"val_f1":0.5329341317365269,"_runtime":5,"valid_acc":0.8489835430784124,"training_time_s":6.367228746414185,"_wandb":{"runtime":5},"_step":24,"dur":0.2125864028930664}