{"valid_acc":0.8451113262342691,"test_accuracy":0.8352713178294574,"training_time_s":12.55338454246521,"train_loss":0.1624356913464463,"test_f1":0.44805194805194803,"_wandb":{"runtime":8},"best_epoch":27,"_timestamp":1.762710790544168e+09,"_step":26,"dur":0.2535243034362793,"val_f1":0.48717948717948717,"test_logloss":0.5251923572322451,"_runtime":8,"valid_loss":0.47167107957665017}