{"valid_acc":0.850919651500484,"gradients/graph_16network.0.weight":{"_type":"histogram","values":[1,0,1,0,0,2,4,2,5,2,5,2,7,6,11,17,15,12,22,22,31,38,31,47,50,53,86,84,90,109,122,149,135,146,125,101,95,76,59,79,73,48,47,40,37,41,27,24,15,13,6,5,11,2,0,4,1,2,1,0,0,0,0,1],"bins":[-0.016671612858772278,-0.016166888177394867,-0.015662163496017456,-0.015157440677285194,-0.014652715995907784,-0.014147991314530373,-0.013643267564475536,-0.0131385438144207,-0.01263381913304329,-0.012129094451665878,-0.011624370701611042,-0.011119646951556206,-0.010614922270178795,-0.010110197588801384,-0.009605473838746548,-0.009100750088691711,-0.0085960254073143,-0.00809130072593689,-0.007586576975882053,-0.007081853225827217,-0.006577128544449806,-0.006072403863072395,-0.005567680113017559,-0.005062956362962723,-0.004558231681585312,-0.004053507000207901,-0.0035487832501530647,-0.0030440595000982285,-0.0025393348187208176,-0.0020346101373434067,-0.0015298863872885704,-0.0010251626372337341,-0.0005204398185014725,-1.5715137124061584e-05,0.0004890086129307747,0.000993732362985611,0.0014984570443630219,0.0020031817257404327,0.002507905475795269,0.0030126292258501053,0.003517353907227516,0.004022078588604927,0.004526802338659763,0.0050315260887146,0.0055362507700920105,0.006040975451469421,0.006545699201524258,0.007050422951579094,0.007555147632956505,0.008059872314333916,0.008564596064388752,0.009069319814443588,0.009574044495821,0.01007876917719841,0.010583492927253246,0.011088216677308083,0.011592941358685493,0.012097666040062904,0.01260238979011774,0.013107113540172577,0.013611838221549988,0.014116562902927399,0.014621286652982235,0.015126010403037071,0.015630735084414482]},"test_f1":0.43109540636042404,"_runtime":4,"_step":55,"dur":0.056203365325927734,"_wandb":{"runtime":4},"gradients/graph_16network.6.bias":{"_type":"histogram","values":[1],"bins":[-0.0017650704830884933,-0.0017650704830884933]},"test_logloss":0.34564381935137617,"gradients/graph_16network.6.weight":{"_type":"histogram","values":[2,1,0,1,0,1,0,1,1,0,0,0,0,1,1,1,0,1,0,1,0,0,0,1,0,0,0,0,0,0,0,1,0,0,0,0,0,0,1,0,0,0,0,0,0,0,0,0,0,0,0,0,0,0,0,0,0,0,0,0,0,0,0,1],"bins":[-0.013692877255380154,-0.012788931839168072,-0.01188498642295599,-0.010981041006743908,-0.010077095590531826,-0.009173150174319744,-0.008269204758107662,-0.00736525934189558,-0.006461313925683498,-0.0055573685094714165,-0.0046534230932593346,-0.0037494776770472527,-0.0028455322608351707,-0.0019415868446230888,-0.001037641428411007,-0.00013369601219892502,0.0007702494040131569,0.0016741948202252388,0.0025781402364373207,0.0034820856526494026,0.0043860310688614845,0.0052899764850735664,0.006193921901285648,0.00709786731749773,0.008001812733709812,0.008905758149921894,0.009809703566133976,0.010713648982346058,0.01161759439855814,0.012521539814770222,0.013425485230982304,0.014329430647194386,0.015233375132083893,0.016137320548295975,0.017041265964508057,0.01794521138072014,0.01884915679693222,0.019753102213144302,0.020657047629356384,0.021560993045568466,0.022464938461780548,0.02336888387799263,0.024272829294204712,0.025176774710416794,0.026080720126628876,0.026984665542840958,0.02788861095905304,0.02879255637526512,0.029696501791477203,0.030600447207689285,0.03150439262390137,0.03240833804011345,0.03331228345632553,0.03421622887253761,0.035120174288749695,0.03602411970496178,0.03692806512117386,0.03783201053738594,0.03873595595359802,0.039639901369810104,0.040543846786022186,0.04144779220223427,0.04235173761844635,0.04325568303465843,0.044159628450870514]},"best_epoch":56,"val_f1":0.4460431654676259,"train_loss":0.308913605334479,"valid_loss":0.3405338305788834,"training_time_s":5.1375813484191895,"_timestamp":1.7626158882096522e+09,"gradients/graph_16network.3.bias":{"bins":[-0.014434528537094593,-0.014120849780738354,-0.013807171955704689,-0.01349349319934845,-0.01317981444299221,-0.012866135686635971,-0.012552457861602306,-0.012238779105246067,-0.011925100348889828,-0.011611422523856163,-0.011297743767499924,-0.010984065011143684,-0.010670386254787445,-0.010356707498431206,-0.010043029673397541,-0.009729350917041302,-0.009415673092007637,-0.009101994335651398,-0.008788315579295158,-0.008474636822938919,-0.00816095806658268,-0.007847280241549015,-0.007533601485192776,-0.007219923194497824,-0.006906244903802872,-0.006592566147446632,-0.006278887391090393,-0.005965209566056728,-0.005651530809700489,-0.00533785205334425,-0.00502417329698801,-0.004710495471954346,-0.004396816249936819,-0.00408313749358058,-0.003769459668546915,-0.0034557809121906757,-0.0031421021558344364,-0.002828423399478197,-0.0025147455744445324,-0.002201066818088293,-0.0018873880617320538,-0.0015737097710371017,-0.0012600314803421497,-0.0009463527239859104,-0.0006326744332909584,-0.0003189956769347191,-5.317386239767075e-06,0.00030836137011647224,0.0006220396608114243,0.0009357179515063763,0.0012493967078626156,0.0015630749985575676,0.001876753754913807,0.002190432045608759,0.0025041105691343546,0.0028177890926599503,0.003131467616185546,0.0034451461397111416,0.0037588246632367373,0.004072503186762333,0.004386181477457285,0.004699860233813524,0.005013538524508476,0.005327217280864716,0.005640895571559668],"_type":"histogram","values":[1,0,0,0,0,0,0,0,0,0,0,0,0,0,0,0,1,0,0,0,0,0,0,0,0,0,0,0,0,0,2,0,2,1,0,1,1,0,1,0,0,1,0,0,1,0,1,0,0,0,0,0,0,0,0,1,0,0,0,0,1,0,0,1]},"gradients/graph_16network.3.weight":{"values":[1,0,0,0,0,0,0,1,1,0,0,0,1,4,1,2,4,3,1,3,5,9,4,6,8,7,15,16,20,18,10,26,27,25,35,45,53,32,31,20,18,9,11,2,2,8,8,4,2,6,1,1,2,1,1,0,1,0,0,0,0,0,0,1],"bins":[-0.01162032876163721,-0.011298250406980515,-0.010976172052323818,-0.010654092766344547,-0.010332014411687851,-0.010009936057031155,-0.009687857702374458,-0.009365779347717762,-0.009043700993061066,-0.008721621707081795,-0.008399543352425098,-0.008077464997768402,-0.007755386643111706,-0.007433307822793722,-0.007111229468137026,-0.006789150647819042,-0.006467072293162346,-0.00614499393850565,-0.005822915118187666,-0.00550083676353097,-0.005178757943212986,-0.00485667958855629,-0.004534601233899593,-0.00421252241358161,-0.0038904440589249134,-0.0035683652386069298,-0.0032462868839502335,-0.002924208529293537,-0.002602130174636841,-0.0022800518199801445,-0.0019579725340008736,-0.0016358941793441772,-0.0013138148933649063,-0.00099173653870821,-0.0006696581840515137,-0.00034757889807224274,-2.5500543415546417e-05,0.0002965778112411499,0.0006186561658978462,0.0009407345205545425,0.0012628133408725262,0.0015848916955292225,0.0019069705158472061,0.0022290488705039024,0.0025511272251605988,0.0028732060454785824,0.0031952844001352787,0.0035173632204532623,0.0038394415751099586,0.004161519929766655,0.004483598750084639,0.004805677104741335,0.0051277559250593185,0.005449834279716015,0.005771912634372711,0.0060939909890294075,0.006416069809347391,0.006738148629665375,0.007060226984322071,0.007382305338978767,0.007704383693635464,0.00802646204829216,0.008348541334271431,0.008670619688928127,0.008992698043584824],"_type":"histogram"},"gradients/graph_16network.0.bias":{"values":[1,1,3,1,1,0,1,1,0,0,1,0,0,2,1,1,0,0,1,0,0,2,1,0,0,0,1,1,1,0,1,0,1,0,1,0,2,0,1,0,1,1,1,0,0,0,0,1,0,0,0,0,0,0,0,0,0,0,0,0,0,0,0,1],