{"val_f1":0.4583333333333333,"training_time_s":5.437962293624878,"valid_loss":0.4908028186550445,"train_loss":0.1310236085643402,"valid_acc":0.8489835430784124,"test_logloss":0.5202687959916074,"test_accuracy":0.8536821705426356,"best_epoch":37,"test_f1":0.4548736462093863,"dur":0.10641002655029297,"_runtime":4,"_timestamp":1.7626159024982424e+09,"_step":36,"_wandb":{"runtime":4}}