{"best_epoch":43,"training_time_s":6.299373149871826,"val_f1":0.4854368932038835,"test_logloss":0.3774383008167362,"valid_loss":0.37850148182466903,"test_f1":0.4878048780487805,"_wandb":{"runtime":5},"_timestamp":1.7626172854622715e+09,"valid_acc":0.846079380445305,"test_accuracy":0.8575581395348837,"dur":0.11299848556518555,"_runtime":5,"best_val_f1":0.5562913907284768,"train_loss":0.227396209802583,"best_val_threshold":0.12000000000000001,"_step":43}