{"test_f1":0.5526315789473685,"_wandb":{"runtime":2},"dur":0.11473965644836426,"best_epoch":16,"_runtime":2,"valid_acc":0.8238141335914811,"_step":15,"train_loss":0.25817670207219207,"test_logloss":0.4397987188569345,"valid_loss":1.1708584230497754,"val_f1":0.5333333333333333,"training_time_s":3.7165367603302,"test_accuracy":0.8352713178294574,"_timestamp":1.762794370085713e+09}