{"valid_acc":0.814133591481123,"test_accuracy":0.8032945736434108,"test_logloss":0.4766477635210265,"best_epoch":21,"_step":20,"test_f1":0.5375854214123007,"_runtime":5,"dur":0.23610448837280273,"train_loss":0.26436473904245245,"_timestamp":1.762764280211576e+09,"_wandb":{"runtime":5},"val_f1":0.5223880597014925,"valid_loss":1.2185032179891082,"training_time_s":6.523151636123657}