{"training_time_s":6.61681056022644,"test_accuracy":0.8575581395348837,"best_epoch":43,"dur":0.10054850578308105,"val_f1":0.4854368932038835,"_wandb":{"runtime":5},"_runtime":5,"valid_loss":0.37850148182466903,"_timestamp":1.7626145785852394e+09,"_step":42,"valid_acc":0.846079380445305,"train_loss":0.227396209802583,"test_f1":0.4878048780487805,"test_logloss":0.3774383008167362}