{"gradients/graph_58network.6.weight":{"_type":"histogram","values":[1,0,2,1,1,1,0,2,5,2,0,0,0,2,1,1,1,0,1,0,0,0,0,0,1,0,0,0,0,0,0,0,0,0,0,0,0,1,0,0,0,0,0,0,0,1,0,0,0,0,0,0,2,1,2,1,0,0,0,0,0,1,0,1],"bins":[-0.02255243994295597,-0.019938716664910316,-0.017324993386864662,-0.014711269177496433,-0.012097545899450779,-0.009483822621405125,-0.006870098412036896,-0.0042563751339912415,-0.0016426518559455872,0.0009710714221000671,0.0035847947001457214,0.006198517978191376,0.00881224311888218,0.011425966396927834,0.014039689674973488,0.016653412953019142,0.019267136231064796,0.02188085950911045,0.024494582787156105,0.02710830606520176,0.029722029343247414,0.03233575075864792,0.03494947403669357,0.03756319731473923,0.04017692804336548,0.04279065132141113,0.04540437459945679,0.04801809787750244,0.050631821155548096,0.05324554443359375,0.055859267711639404,0.05847299098968506,0.061086706817150116,0.06370043009519577,0.06631415337324142,0.06892787665128708,0.07154159992933273,0.07415532320737839,0.07676904648542404,0.0793827697634697,0.08199649304151535,0.0846102237701416,0.08722394704818726,0.08983767032623291,0.09245139360427856,0.09506511688232422,0.09767884016036987,0.10029256343841553,0.10290628671646118,0.10552000999450684,0.10813373327255249,0.11074745655059814,0.1133611798286438,0.11597490310668945,0.11858862638473511,0.12120234966278076,0.12381607294082642,0.12642979621887207,0.12904351949691772,0.13165724277496338,0.13427096605300903,0.1368846893310547,0.13949841260910034,0.142112135887146,0.14472585916519165]},"_step":34,"gradients/graph_58network.3.weight":{"_type":"histogram","values":[1,2,0,1,2,1,1,3,0,2,3,8,6,5,13,10,14,16,27,26,42,61,79,104,132,767,176,95,79,44,39,35,30,27,20,15,8,8,10,13,11,12,13,9,11,10,6,5,6,3,6,7,5,6,2,2,2,2,2,0,0,0,0,3],"bins":[-0.024801071733236313,-0.02383444271981716,-0.02286781370639801,-0.02190118469297886,-0.020934555679559708,-0.019967926666140556,-0.019001297652721405,-0.018034668639302254,-0.017068039625883102,-0.0161014124751091,-0.015134782530367374,-0.014168153516948223,-0.013201524503529072,-0.01223489549010992,-0.01126826647669077,-0.010301637463271618,-0.009335008449852467,-0.00836838036775589,-0.007401751354336739,-0.006435122340917587,-0.005468493327498436,-0.004501864314079285,-0.0035352353006601334,-0.002568606287240982,-0.0016019772738218307,-0.0006353482604026794,0.00033128075301647186,0.0012979097664356232,0.0022645387798547745,0.0032311677932739258,0.004197796806693077,0.005164425820112228,0.00613105483353138,0.007097683846950531,0.008064312860369682,0.009030941873788834,0.009997570887207985,0.010964199900627136,0.011930828914046288,0.012897457927465439,0.01386408694088459,0.014830715954303741,0.015797344967722893,0.016763973981142044,0.017730602994561195,0.018697232007980347,0.019663861021399498,0.02063049003481865,0.02159711718559265,0.022563748061656952,0.023530375212430954,0.024497006088495255,0.025463633239269257,0.026430264115333557,0.02739689126610756,0.02836352214217186,0.029330149292945862,0.030296778306365013,0.031263407319784164,0.032230038195848465,0.03319666534662247,0.03416329622268677,0.03512992337346077,0.03609655424952507,0.03706318140029907]},"val_f1":0.5114345114345115,"_runtime":6,"best_epoch":34,"gradients/graph_58network.6.bias":{"_type":"histogram","values":[1],"bins":[0.11441884934902191,0.11441884934902191]},"best_val_f1":0.5148514851485149,"gradients/graph_58network.3.bias":{"bins":[-0.015032845549285412,-0.014324860647320747,-0.013616875745356083,-0.012908890843391418,-0.01220090501010418,-0.011492920108139515,-0.01078493520617485,-0.010076949372887611,-0.009368965402245522,-0.008660979568958282,-0.007952994666993618,-0.0072450097650289536,-0.006537024863064289,-0.005829039961099625,-0.0051210541278123856,-0.004413069225847721,-0.0037050843238830566,-0.002997099421918392,-0.0022891145199537277,-0.0015811286866664886,-0.0008731437847018242,-0.00016515888273715973,0.0005428260192275047,0.0012508118525147438,0.0019587958231568336,0.0026667816564440727,0.0033747656270861626,0.004082751460373402,0.004790737293660641,0.0054987212643027306,0.00620670709758997,0.0069146910682320595,0.007622677832841873,0.008330663666129112,0.009038647636771202,0.009746633470058441,0.010454617440700531,0.01116260327398777,0.01187058910727501,0.012578573077917099,0.013286558911204338,0.013994542881846428,0.014702528715133667,0.015410513617098331,0.016118498519062996,0.016826484352350235,0.017534468322992325,0.018242454156279564,0.018950439989566803,0.019658423960208893,0.020366407930850983,0.02107439562678337,0.02178237959742546,0.02249036356806755,0.02319834940135479,0.02390633523464203,0.02461431920528412,0.025322305038571358,0.026030290871858597,0.026738274842500687,0.027446260675787926,0.028154244646430016,0.028862230479717255,0.029570214450359344,0.030278200283646584],"_type":"histogram","values":[1,0,0,1,1,1,1,0,0,1,0,0,2,0,2,2,0,1,0,0,1,3,0,0,1,0,0,0,1,0,1,1,0,0,0,0,0,0,0,1,0,0,0,0,1,0,1,0,0,0,0,0,1,0,1,0,0,0,3,0,1,0,0,2]},"best_val_threshold":0.19,"_wandb":{"runtime":6},"valid_acc":0.7725072604065828,"_timestamp":1.7626181526616817e+09,"dur":0.12941956520080566,"test_f1":0.5454545454545454,"gradients/graph_58network.0.weight":{"_type":"histogram","values":[2,4,6,3,4,3,6,5,11,10,15,27,24,31,38,55,96,163,276,454,897,1095,472,238,165,99,58,41,36,26,18,15,11,15,11,12,8,8,7,3,0,3,1,0,2,0,0,1,0,0,1,0,0,1,1,0,0,0,0,1,0,0,0,1],"bins":[-0.09843730926513672,-0.09375137090682983,-0.08906542509794235,-0.08437947928905487,-0.07969354093074799,-0.0750076025724411,-0.07032165676355362,-0.06563571095466614,-0.06094977259635925,-0.05626383051276207,-0.051577888429164886,-0.0468919463455677,-0.04220600426197052,-0.03752006217837334,-0.032834120094776154,-0.028148174285888672,-0.023462235927581787,-0.018776297569274902,-0.01409035176038742,-0.009404405951499939,-0.004718467593193054,-3.2529234886169434e-05,0.004653416574001312,0.009339362382888794,0.014025300741195679,0.018711239099502563,0.023397184908390045,0.028083130717277527,0.03276906907558441,0.037455007433891296,0.042140960693359375,0.04682689905166626,0.05151285231113434,0.05619879066944122,0.06088472902774811,0.06557068228721619,0.07025662064552307,0.07494255900382996,0.07962850481271744,0.08431445062160492,0.0890003889799118,0.09368632733821869,0.09837227314710617,0.10305821895599365,0.10774415731430054,0.11243009567260742,0.1171160414814949,0.12180198729038239,0.12648792564868927,0.13117386400699615,0.13585981726646423,0.14054575562477112,0.145231693983078,0.1499176323413849,0.15460357069969177,0.15928952395915985,0.16397546231746674,0.16866140067577362,0.1733473539352417,0.17803329229354858,0.18271923065185547,0.18740516901016235,0.19209110736846924,0.19677706062793732,0.2014629989862442]},"test_accuracy":0.8013565891472868,"valid_loss":2.8028052441148303,"gradients/graph_58network.0.bias":{"_type":"histogram","values":[1,0,0,0,0,1,0,1,1,0,1,0,0,1,1,3,0,3,1,2,1,3,4,2,0,1,2,1,3,1,1,1,2,1,0,1,3,2,1,1,1,1,1,1,1,2,2,1,0,0,2,1,1,0,0,0,0,0,0,0,0,2,0,1],