{"valid_loss":1.5211857436125646,"val_f1":0.554945054945055,"test_f1":0.5360824742268041,"training_time_s":4.743193626403809,"train_loss":0.16197968715355032,"test_logloss":0.5116253893504628,"_wandb":{"runtime":3},"_timestamp":1.7627944172951307e+09,"best_epoch":19,"_runtime":3,"valid_acc":0.8431752178121975,"test_accuracy":0.8255813953488372,"_step":18,"dur":0.17973780632019043}