{"dur":0.09297060966491699,"test_accuracy":0.8536821705426356,"valid_acc":0.8470474346563408,"_step":23,"test_f1":0.5266457680250783,"_runtime":2,"test_logloss":0.49038550307095913,"best_epoch":24,"train_loss":0.16779743523364993,"_wandb":{"runtime":2},"_timestamp":1.7626145710196254e+09,"valid_loss":0.525669171901317,"val_f1":0.4968152866242038,"training_time_s":4.288280725479126}