{"training_time_s":3.2476067543029785,"best_epoch":13,"_step":12,"test_f1":0.518664047151277,"_runtime":2,"val_f1":0.518664047151277,"test_logloss":0.5013318732319856,"dur":0.13950610160827637,"train_loss":0.6134632887374822,"test_accuracy":0.7625968992248062,"_wandb":{"runtime":2},"valid_loss":0.9089257058481048,"valid_acc":0.7628267182962246,"_timestamp":1.7627651257910967e+09}