{"train_loss":0.2866199397904603,"valid_loss":0.34002987415839026,"_wandb":{"runtime":3},"_runtime":3,"val_f1":0.5247813411078717,"_timestamp":1.762711562487112e+09,"dur":0.10079741477966309,"test_logloss":0.3444068943278209,"best_epoch":24,"_step":23,"test_accuracy":0.8362403100775194,"training_time_s":3.953691244125366,"test_f1":0.5157593123209169,"valid_acc":0.8422071636011617}