{"test_f1":0.43243243243243246,"best_epoch":24,"valid_acc":0.8518877057115198,"_step":23,"_wandb":{"runtime":3},"test_accuracy":0.8372093023255814,"training_time_s":6.602789640426636,"valid_loss":0.3664886908315389,"_timestamp":1.7626232694684708e+09,"dur":0.06864333152770996,"_runtime":3,"val_f1":0.4778156996587031,"test_logloss":0.4249397752601953,"train_loss":0.2494609022220966}