{"_step":12,"test_logloss":0.4943564290365679,"dur":0.18259692192077637,"training_time_s":3.7583606243133545,"best_epoch":13,"test_accuracy":0.8430232558139535,"train_loss":0.16282060009699126,"_timestamp":1.762711578270482e+09,"valid_loss":0.4988510007505726,"_runtime":2,"test_f1":0.4563758389261745,"_wandb":{"runtime":2},"valid_acc":0.8373668925459826,"val_f1":0.44}