{"gradients/graph_40network.9.bias":{"bins":[-0.0013925647363066673,-0.0013925647363066673],"_type":"histogram","values":[1]},"gradients/graph_40network.6.weight":{"bins":[-0.005230799317359924,-0.005092776380479336,-0.00495475297793746,-0.004816729575395584,-0.004678706638514996,-0.004540683701634407,-0.004402660299092531,-0.004264636896550655,-0.004126613959670067,-0.003988591022789478,-0.0038505676202476025,-0.0037125444505363703,-0.003574521280825138,-0.003436498111113906,-0.0032984749414026737,-0.0031604517716914415,-0.0030224286019802094,-0.002884405432268977,-0.002746382262557745,-0.002608359092846513,-0.0024703359231352806,-0.0023323127534240484,-0.0021942895837128162,-0.002056266414001584,-0.0019182432442903519,-0.0017802200745791197,-0.0016421969048678875,-0.0015041737351566553,-0.0013661505654454231,-0.0012281276285648346,-0.0010901042260229588,-0.0009520808234810829,-0.0008140576537698507,-0.0006760347168892622,-0.0005380113143473864,-0.0003999879118055105,-0.000261964974924922,-0.0001239418052136898,1.4081364497542381e-05,0.00015210453420877457,0.00029012770392000675,0.00042815087363123894,0.0005661740433424711,0.0007041972130537033,0.0008422203827649355,0.0009802435524761677,0.0011182667221873999,0.001256289891898632,0.0013943130616098642,0.0015323362313210964,0.0016703594010323286,0.0018083825707435608,0.001946405740454793,0.002084428910166025,0.0022224520798772573,0.0023604752495884895,0.0024984984192997217,0.002636521589010954,0.002774544758722186,0.0029125679284334183,0.0030505910981446505,0.0031886142678558826,0.003326637437567115,0.003464660607278347,0.003602683776989579],"_type":"histogram","values":[1,0,0,3,2,1,3,3,4,1,0,4,1,5,4,2,2,7,5,5,9,10,5,13,12,20,21,29,49,55,76,125,192,353,532,1085,1847,7765,2689,1362,739,386,282,188,140,100,83,60,36,28,15,16,12,9,8,10,7,5,1,2,0,1,1,1]},"gradients/graph_40network.0.bias":{"values":[2,0,0,0,0,0,1,0,0,0,1,2,1,1,2,1,3,6,3,5,9,11,16,17,19,25,30,33,30,29,20,18,12,11,13,15,4,7,9,6,4,3,4,2,1,3,0,2,0,0,2,0,0,0,0,0,0,0,0,0,0,0,0,1],"bins":[-0.019779859110713005,-0.01907113380730152,-0.01836240664124489,-0.017653681337833405,-0.01694495603442192,-0.016236230731010437,-0.015527503564953804,-0.01481877826154232,-0.014110052026808262,-0.013401325792074203,-0.01269260048866272,-0.011983874253928661,-0.011275148019194603,-0.01056642271578312,-0.00985769648104906,-0.009148971177637577,-0.008440244942903519,-0.00773151870816946,-0.0070227934047579765,-0.006314067170023918,-0.005605341866612434,-0.004896615631878376,-0.004187889397144318,-0.003479164093732834,-0.002770436927676201,-0.002061711624264717,-0.0013529863208532333,-0.0006442610174417496,6.446614861488342e-05,0.0007731914520263672,0.001481916755437851,0.002190643921494484,0.0028993673622608185,0.0036080926656723022,0.004316819831728935,0.005025545135140419,0.005734270438551903,0.006442997604608536,0.0071517229080200195,0.007860448211431503,0.008569173514842987,0.00927790068089962,0.009986625984311104,0.010695352219045162,0.01140407845377922,0.012112803757190704,0.012821529991924763,0.013530255295336246,0.014238981530070305,0.014947707764804363,0.01565643399953842,0.016365159302949905,0.01707388460636139,0.017782609909772873,0.018491337075829506,0.01920006237924099,0.019908789545297623,0.020617514848709106,0.02132624015212059,0.022034965455532074,0.022743692621588707,0.02345241792500019,0.024161143228411674,0.024869870394468307,0.02557859569787979],"_type":"histogram"},"test_f1":0.5159235668789809,"test_logloss":0.6374055991678264,"train_loss":0.08316047232315671,"test_accuracy":0.8527131782945736,"gradients/graph_40network.3.bias":{"_type":"histogram","values":[1,0,1,0,0,0,0,2,3,0,0,2,1,0,1,1,0,2,0,7,6,1,4,6,9,6,8,12,37,10,7,8,10,7,4,3,6,3,2,3,0,1,3,2,2,3,0,0,0,4,2,0,0,0,0,0,1,0,0,0,0,0,0,1],"bins":[-0.012184226885437965,-0.011760162189602852,-0.011336096562445164,-0.010912030935287476,-0.010487966239452362,-0.010063901543617249,-0.00963983591645956,-0.009215770289301872,-0.008791705593466759,-0.008367640897631645,-0.007943575270473957,-0.007519510108977556,-0.007095444947481155,-0.0066713797859847546,-0.006247314624488354,-0.005823249462991953,-0.005399184301495552,-0.004975119139999151,-0.00455105397850275,-0.004126988351345062,-0.0037029236555099487,-0.003278858959674835,-0.002854793332517147,-0.002430727705359459,-0.0020066630095243454,-0.0015825983136892319,-0.0011585326865315437,-0.0007344670593738556,-0.00031040236353874207,0.00011366233229637146,0.0005377279594540596,0.0009617935866117477,0.0013858592137694359,0.0018099239096045494,0.0022339895367622375,0.0026580551639199257,0.003082119859755039,0.0035061845555901527,0.003930250182747841,0.004354315809905529,0.0047783805057406425,0.005202445201575756,0.005626510828733444,0.006050576455891132,0.006474641151726246,0.006898705847561359,0.0073227714747190475,0.007746836636215448,0.00817090179771185,0.008594967424869537,0.009019032120704651,0.009443096816539764,0.009867162443697453,0.01029122807085514,0.010715292766690254,0.011139357462525368,0.011563423089683056,0.011987488716840744,0.012411553412675858,0.012835618108510971,0.01325968373566866,0.013683749362826347,0.014107814058661461,0.014531878754496574,0.014955944381654263]},"gradients/graph_40network.9.weight":{"bins":[-0.012916221283376217,-0.012534073553979397,-0.012151926755905151,-0.011769779026508331,-0.011387632228434086,-0.011005484499037266,-0.01062333770096302,-0.0102411899715662,-0.00985904224216938,-0.009476895444095135,-0.00909474864602089,-0.00871260091662407,-0.00833045318722725,-0.007948305457830429,-0.007566158659756184,-0.007184011396020651,-0.006801864132285118,-0.006419716868549585,-0.006037569604814053,-0.00565542234107852,-0.005273275077342987,-0.004891127347946167,-0.0045089805498719215,-0.0041268328204751015,-0.0037446850910782814,-0.003362538293004036,-0.002980390563607216,-0.0025982437655329704,-0.0022160960361361504,-0.001833949238061905,-0.0014518015086650848,-0.0010696547105908394,-0.0006875060498714447,-0.00030535832047462463,7.678847759962082e-05,0.0004589362069964409,0.0008410830050706863,0.0012232307344675064,0.0016053775325417519,0.001987525261938572,0.0023696720600128174,0.0027518197894096375,0.0031339675188064575,0.003516114316880703,0.003898262046277523,0.004280409310013056,0.0046625565737485886,0.005044703837484121,0.005426851101219654,0.005808998364955187,0.00619114562869072,0.006573292892426252,0.006955440156161785,0.007337587885558605,0.007719735149294138,0.00810188241302967,0.00848403014242649,0.008866176940500736,0.009248323738574982,0.009630471467971802,0.010012619197368622,0.010394765995442867,0.010776913724839687,0.011159060522913933,0.011541208252310753],"_type":"histogram","values":[1,0,0,0,0,0,0,0,0,1,1,0,0,0,1,0,2,1,1,1,1,1,2,2,6,4,10,2,3,1,3,3,3,9,4,4,0,5,1,3,4,2,1,1,1,3,2,1,0,1,1,0,0,1,0,0,0,1,0,0,0,0,0,1]},