{"training_time_s":13.060478210449219,"valid_loss":1.8931220063483496,"_timestamp":1.7627642444980748e+09,"_step":32,"test_f1":0.5541561712846348,"test_accuracy":0.8284883720930233,"best_epoch":33,"_wandb":{"runtime":12},"test_logloss":0.5845045846131691,"_runtime":12,"val_f1":0.551219512195122,"valid_acc":0.8218780251694094,"dur":0.32765769958496094,"train_loss":0.25109991021493017}