{"_runtime":9,"_timestamp":1.76279220831152e+09,"valid_acc":0.8354307841239109,"_step":33,"training_time_s":9.919585466384888,"valid_loss":1.67720481718729,"best_epoch":34,"dur":0.20140910148620605,"train_loss":0.13992060027389883,"test_logloss":0.5283531099790467,"val_f1":0.5355191256830601,"test_f1":0.5473145780051151,"test_accuracy":0.8284883720930233,"_wandb":{"runtime":9}}