{"test_accuracy":0.8352713178294574,"dur":0.07639169692993164,"test_logloss":0.5251923572322451,"_timestamp":1.7626296893198833e+09,"_step":26,"valid_acc":0.8451113262342691,"test_f1":0.44805194805194803,"training_time_s":3.224621534347534,"best_epoch":27,"_runtime":2,"_wandb":{"runtime":2},"train_loss":0.1624356913464463,"valid_loss":0.47167107957665017,"val_f1":0.48717948717948717}