{"training_time_s":8.71774411201477,"best_epoch":33,"dur":0.2401278018951416,"train_loss":0.19917872548103333,"_timestamp":1.7627125376179755e+09,"valid_acc":0.8383349467570184,"test_f1":0.5299145299145299,"test_accuracy":0.8401162790697675,"_runtime":7,"_step":32,"valid_loss":1.8846139447747334,"test_logloss":0.537348571626055,"_wandb":{"runtime":7},"val_f1":0.5546666666666666}