{"gradients/graph_13network.6.weight":{"bins":[-0.01207621768116951,-0.011788995936512947,-0.011501775123178959,-0.011214553378522396,-0.010927332565188408,-0.010640110820531845,-0.010352890007197857,-0.010065668262541294,-0.009778447449207306,-0.009491225704550743,-0.00920400395989418,-0.008916783146560192,-0.00862956140190363,-0.008342340588569641,-0.008055118843913078,-0.007767897564917803,-0.007480676285922527,-0.007193455006927252,-0.006906233727931976,-0.006619012448936701,-0.006331791169941425,-0.0060445694252848625,-0.005757348146289587,-0.0054701268672943115,-0.005182905588299036,-0.0048956843093037605,-0.004608463030308485,-0.0043212417513132095,-0.004034020006656647,-0.0037467991933226585,-0.0034595774486660957,-0.0031723566353321075,-0.002885135356336832,-0.0025979136116802692,-0.002310692798346281,-0.0020234710536897182,-0.00173625024035573,-0.0014490284956991673,-0.0011618072167038918,-0.0008745859377086163,-0.0005873646587133408,-0.00030014337971806526,-1.2922100722789764e-05,0.00027429917827248573,0.0005615209229290485,0.000848742201924324,0.0011359634809195995,0.001423184759914875,0.0017104060389101505,0.001997627317905426,0.0022848485969007015,0.0025720701087266207,0.002859291387721896,0.0031465126667171717,0.003433734178543091,0.0037209554575383663,0.004008176736533642,0.004295398015528917,0.004582619294524193,0.004869841039180756,0.005157061852514744,0.005444283597171307,0.005731504876166582,0.006018726155161858,0.006305947434157133],"_type":"histogram","values":[1,0,0,0,0,0,0,0,0,0,0,0,0,0,0,0,0,1,0,0,1,0,0,0,0,1,0,0,0,2,0,0,0,0,2,0,1,0,1,0,0,0,2,0,1,0,0,0,0,0,0,0,0,1,0,1,0,0,0,0,0,0,0,1]},"test_logloss":0.5047202678578119,"gradients/graph_13network.0.weight":{"_type":"histogram","values":[2,0,0,1,2,1,1,2,1,1,1,2,3,6,6,9,8,12,10,16,25,31,35,31,50,65,75,86,103,139,215,399,234,144,107,83,71,55,39,20,21,23,21,14,13,5,10,8,3,5,8,3,5,0,3,1,3,0,0,1,0,0,1,1],"bins":[-0.03323069214820862,-0.03218505531549454,-0.031139416620135307,-0.030093779787421227,-0.029048142954707146,-0.028002504259347916,-0.026956867426633835,-0.025911230593919754,-0.024865593761205673,-0.023819955065846443,-0.022774318233132362,-0.021728679537773132,-0.02068304270505905,-0.01963740587234497,-0.01859176903963089,-0.01754613034427166,-0.01650049351155758,-0.015454856678843498,-0.014409217983484268,-0.013363581150770187,-0.012317944318056107,-0.011272305622696877,-0.010226668789982796,-0.009181031957268715,-0.008135393261909485,-0.007089756429195404,-0.006044119596481323,-0.004998482763767242,-0.003952844068408012,-0.0029072072356939316,-0.0018615685403347015,-0.0008159317076206207,0.00022970512509346008,0.001275341957807541,0.0023209787905216217,0.0033666174858808517,0.0044122543185949326,0.005457893013954163,0.006503529846668243,0.007549166679382324,0.008594803512096405,0.009640442207455635,0.010686079040169716,0.011731715872883797,0.012777354568243027,0.013822991400957108,0.014868628233671188,0.01591426692903042,0.0169599037617445,0.01800554059445858,0.01905117928981781,0.02009681612253189,0.02114245295524597,0.022188089787960052,0.023233728483319283,0.024279365316033363,0.025325004011392593,0.026370640844106674,0.027416277676820755,0.028461914509534836,0.029507553204894066,0.030553190037608147,0.03159882873296738,0.03264446556568146,0.03369010239839554]},"_step":30,"test_f1":0.4897959183673469,"_runtime":4,"valid_loss":0.5041418717624142,"test_accuracy":0.8546511627906976,"_wandb":{"runtime":4},"gradients/graph_13network.6.bias":{"bins":[0.0011112373322248459,0.0011112373322248459],"_type":"histogram","values":[1]},"valid_acc":0.8470474346563408,"train_loss":0.1567398234876888,"val_f1":0.46258503401360546,"gradients/graph_13network.3.weight":{"_type":"histogram","values":[1,0,0,0,0,1,2,1,2,1,2,1,1,1,2,1,5,2,1,11,3,2,9,7,11,18,14,24,26,22,30,110,79,25,10,11,12,12,6,12,5,6,0,3,0,1,1,5,0,1,1,2,3,1,1,0,0,0,0,2,0,0,1,1],"bins":[-0.014068608172237873,-0.013627838343381882,-0.013187067583203316,-0.012746297754347324,-0.012305527925491333,-0.011864758096635342,-0.01142398826777935,-0.010983217507600784,-0.010542447678744793,-0.010101677849888802,-0.009660907089710236,-0.009220137260854244,-0.008779367431998253,-0.008338597603142262,-0.00789782777428627,-0.007457057014107704,-0.007016287185251713,-0.0065755173563957214,-0.00613474752753973,-0.005693976767361164,-0.005253206938505173,-0.004812437109649181,-0.004371666349470615,-0.003930896520614624,-0.0034901266917586327,-0.0030493568629026413,-0.00260858703404665,-0.002167816273868084,-0.0017270464450120926,-0.0012862766161561012,-0.0008455058559775352,-0.0004047360271215439,3.603380173444748e-05,0.00047680363059043884,0.0009175734594464302,0.0013583442196249962,0.0017991140484809875,0.002239883877336979,0.002680654637515545,0.0031214244663715363,0.0035621942952275276,0.004002964124083519,0.00444373395293951,0.004884504713118076,0.005325274541974068,0.005766044370830059,0.006206815131008625,0.006647584959864616,0.007088354788720608,0.007529124617576599,0.007969895377755165,0.008410665206611156,0.008851435035467148,0.00929220486432314,0.00973297469317913,0.010173745453357697,0.010614515282213688,0.01105528511106968,0.011496055871248245,0.011936825700104237,0.012377595528960228,0.01281836535781622,0.01325913518667221,0.013699905946850777,0.014140675775706768]},"dur":0.1001584529876709,"gradients/graph_13network.3.bias":{"_type":"histogram","values":[1,1,0,1,0,0,0,0,0,0,0,0,0,0,1,0,0,1,0,0,0,0,1,0,0,1,0,0,0,0,0,0,0,0,0,0,0,0,0,0,0,0,0,0,1,0,0,0,0,1,0,1,2,1,0,0,0,0,0,1,0,1,0,1],"bins":[-0.008568176068365574,-0.008365103974938393,-0.008162030950188637,-0.007958958856761456,-0.0077558858320117,-0.007552813738584518,-0.007349740713834763,-0.007146668620407581,-0.006943596061319113,-0.006740523502230644,-0.006537450943142176,-0.006334378384053707,-0.006131305824965239,-0.00592823326587677,-0.005725161172449589,-0.005522088147699833,-0.005319016054272652,-0.005115943029522896,-0.004912870936095715,-0.004709798377007246,-0.0045067258179187775,-0.004303653258830309,-0.00410058069974184,-0.003897508140653372,-0.0036944355815649033,-0.0034913630224764347,-0.003288290463387966,-0.003085218369960785,-0.0028821458108723164,-0.002679073251783848,-0.0024760006926953793,-0.0022729281336069107,-0.002069855574518442,-0.0018667830154299736,-0.001663710456341505,-0.0014606378972530365,-0.001257565338164568,-0.0010544927790760994,-0.0008514206856489182,-0.0006483481265604496,-0.00044527556747198105,-0.0002422030083835125,-3.9130449295043945e-05,0.0001639421097934246,0.00036701466888189316,0.0005700872279703617,0.0007731595542281866,0.0009762321133166552,0.0011793046724051237,0.0013823772314935923,0.0015854497905820608,0.0017885221168398857,0.0019915946759283543,0.002194667235016823,0.0023977397941052914,0.00260081235319376,0.0028038849122822285,0.003006957471370697,0.003210029797628522,0.0034131023567169905,0.003616174915805459,0.003819247242063284,0.0040223198011517525,0.004225392360240221,0.00442846491932869]},"_timestamp":1.7626158677679656e+09,"training_time_s":5.062253713607788,"best_epoch":31,"gradients/graph_13network.0.bias":{"values":[1,0,0,0,0,0,0,0,0,0,0,0,0,0,0,0,0,0,1,0,1,1,1,1,1,1,0,0,0,1,3,0,0,1,2,2,2,0,3,0,1,1,0,0,0,1,0,0,1,0,1,0,0,1,1,1,0,0,0,0,1,0,0,1],