{"_wandb":{"runtime":17},"_runtime":17,"_timestamp":1.7626159732243533e+09,"dur":0.397632360458374,"valid_acc":0.8586640851887706,"val_f1":0.48226950354609927,"test_accuracy":0.8459302325581395,"training_time_s":18.0674147605896,"valid_loss":0.3614198700935081,"test_logloss":0.3768417554870048,"best_epoch":37,"_step":36,"train_loss":0.22282602822916778,"test_f1":0.4682274247491639}