{"_runtime":10,"_timestamp":1.762614708472022e+09,"valid_loss":0.37850148182466903,"valid_acc":0.846079380445305,"best_epoch":43,"dur":0.11847305297851562,"train_loss":0.227396209802583,"training_time_s":11.525331735610962,"test_logloss":0.3774383008167362,"_wandb":{"runtime":10},"val_f1":0.4854368932038835,"_step":42,"test_f1":0.4878048780487805,"test_accuracy":0.8575581395348837}