{"valid_acc":0.8073572120038722,"best_val_f1":0.5691906005221932,"train_loss":0.5193658914892845,"dur":0.09854841232299805,"best_val_threshold":0.7,"_timestamp":1.7626177889763682e+09,"val_f1":0.5507900677200903,"best_epoch":40,"_step":40,"_wandb":{"runtime":5},"test_accuracy":0.810077519379845,"test_logloss":0.44123040809840813,"valid_loss":1.0038305849615856,"training_time_s":5.885412216186523,"test_f1":0.5701754385964912,"_runtime":5}