{"_wandb":{"runtime":2},"valid_acc":0.8470474346563408,"dur":0.07796573638916016,"training_time_s":3.0858097076416016,"train_loss":0.16779743523364993,"valid_loss":0.525669171901317,"_runtime":2,"val_f1":0.4968152866242038,"test_accuracy":0.8536821705426356,"_step":23,"test_logloss":0.49038550307095913,"_timestamp":1.7626149022027156e+09,"best_epoch":24,"test_f1":0.5266457680250783}