{"valid_acc":0.8005808325266215,"test_accuracy":0.8062015503875969,"training_time_s":13.954964637756348,"_wandb":{"runtime":12},"train_loss":0.370180217666418,"_step":25,"best_epoch":26,"_timestamp":1.7627123773880932e+09,"dur":0.2337329387664795,"val_f1":0.5275229357798165,"_runtime":12,"valid_loss":1.3932870846288594,"test_f1":0.5370370370370371,"test_logloss":0.5215745824626313}