{"val_f1":0.518918918918919,"training_time_s":5.153097867965698,"best_epoch":23,"_runtime":4,"valid_acc":0.8276863504356244,"test_accuracy":0.8391472868217055,"train_loss":0.1090199290429506,"_wandb":{"runtime":4},"_step":22,"valid_loss":0.8084879357292022,"test_logloss":0.7895684053728597,"_timestamp":1.7626264246921985e+09,"test_f1":0.5,"dur":0.18135380744934082}