{"train_loss":0.13736798126378164,"test_accuracy":0.8498062015503876,"_runtime":4,"_step":31,"best_epoch":32,"val_f1":0.5198776758409785,"valid_acc":0.8480154888673765,"test_logloss":0.6270065636619538,"training_time_s":8.027226448059082,"_wandb":{"runtime":4},"_timestamp":1.762617308380188e+09,"valid_loss":0.5663286514926453,"test_f1":0.4850498338870432,"dur":0.05871415138244629}