{"test_logloss":0.47537493960605604,"_runtime":3,"_timestamp":1.762765165975252e+09,"valid_loss":0.8796726407524692,"valid_acc":0.7705711519845111,"_wandb":{"runtime":3},"train_loss":0.5709921653892145,"best_epoch":14,"dur":0.22386932373046875,"test_accuracy":0.7800387596899225,"test_f1":0.5200845665961945,"val_f1":0.5153374233128835,"training_time_s":4.628489017486572,"_step":13}