{"test_accuracy":0.8284883720930233,"val_f1":0.5355191256830601,"test_logloss":0.5283531099790467,"best_epoch":34,"train_loss":0.13992060027389883,"_runtime":8,"_timestamp":1.7627994325694294e+09,"valid_acc":0.8354307841239109,"training_time_s":8.738962650299072,"_step":33,"dur":0.16016697883605957,"valid_loss":1.67720481718729,"test_f1":0.5473145780051151,"_wandb":{"runtime":8}}