{"train_loss":0.2517898949073978,"valid_acc":0.8528557599225557,"_wandb":{"runtime":1},"val_f1":0.48299319727891155,"training_time_s":2.53440260887146,"_timestamp":1.7627108372015254e+09,"test_logloss":0.33183941720651716,"test_accuracy":0.8439922480620154,"best_epoch":14,"_runtime":1,"valid_loss":0.3307147905129546,"dur":0.08256816864013672,"test_f1":0.46864686468646866,"_step":13}