{"_timestamp":1.7626173287328382e+09,"_step":16,"test_logloss":0.6984323717647533,"test_f1":0.38461538461538464,"test_accuracy":0.8449612403100775,"best_epoch":17,"val_f1":0.5304878048780488,"dur":0.528357744216919,"_wandb":{"runtime":5},"train_loss":0.13765057154765753,"valid_loss":0.8597503407332696,"_runtime":5,"training_time_s":6.116648435592651,"valid_acc":0.850919651500484}