{"best_epoch":16,"test_f1":0.5207100591715976,"test_accuracy":0.8430232558139535,"dur":0.19706964492797852,"_runtime":3,"valid_acc":0.8431752178121975,"train_loss":0.23491896774043422,"valid_loss":0.3411477533279984,"val_f1":0.5235294117647059,"test_logloss":0.34461389854303115,"training_time_s":5.958125591278076,"_wandb":{"runtime":3},"_step":15,"_timestamp":1.76271085669387e+09}