{"_timestamp":1.7626177818911424e+09,"_step":27,"train_loss":0.37154937444074876,"valid_loss":1.6144297570711414,"valid_acc":0.7909002904162633,"test_logloss":0.5693358524706644,"dur":0.06832528114318848,"best_val_threshold":0.33999999999999997,"_runtime":2,"training_time_s":3.3974945545196533,"test_accuracy":0.812015503875969,"test_f1":0.5467289719626168,"val_f1":0.5221238938053098,"best_epoch":27,"best_val_f1":0.556745182012848,"_wandb":{"runtime":2}}