{"_runtime":16,"valid_loss":1.5966854714874146,"valid_acc":0.8247821878025169,"best_epoch":30,"test_logloss":0.5697879574281086,"_wandb":{"runtime":16},"train_loss":0.2818469481181009,"_timestamp":1.762792176992765e+09,"test_accuracy":0.8187984496124031,"_step":29,"training_time_s":17.30062198638916,"dur":0.28376269340515137,"val_f1":0.5552825552825553,"test_f1":0.5558194774346793}