{"val_f1":0.5112359550561798,"train_loss":0.1149996589880866,"_timestamp":1.7627921971220753e+09,"test_accuracy":0.8381782945736435,"_runtime":4,"test_f1":0.4797507788161994,"_step":19,"dur":0.16605854034423828,"best_epoch":20,"test_logloss":0.6154706297444327,"valid_acc":0.8315585672797676,"training_time_s":5.54804253578186,"_wandb":{"runtime":4},"valid_loss":2.181619434062994}