{"valid_loss":0.525669171901317,"_timestamp":1.7626259147287164e+09,"training_time_s":6.138511896133423,"_runtime":5,"valid_acc":0.8470474346563408,"best_epoch":24,"test_accuracy":0.8536821705426356,"val_f1":0.4968152866242038,"test_logloss":0.49038550307095913,"dur":0.1215667724609375,"_wandb":{"runtime":5},"train_loss":0.16779743523364993,"_step":23,"test_f1":0.5266457680250783}