{"train_loss":0.16850579229346935,"_wandb":{"runtime":9},"_runtime":9,"valid_loss":0.45536733324579093,"valid_acc":0.8547918683446273,"val_f1":0.5192307692307693,"dur":0.1892106533050537,"test_accuracy":0.8546511627906976,"training_time_s":9.896765232086182,"best_epoch":37,"_timestamp":1.7626159331929572e+09,"_step":36,"test_f1":0.5192307692307693,"test_logloss":0.47560574834097236}