{"test_accuracy":0.8352713178294574,"dur":0.15374422073364258,"_wandb":{"runtime":3},"_timestamp":1.762792147454641e+09,"_runtime":3,"train_loss":0.25817670207219207,"valid_loss":1.1708584230497754,"test_logloss":0.4397987188569345,"val_f1":0.5333333333333333,"_step":15,"valid_acc":0.8238141335914811,"training_time_s":6.995063781738281,"test_f1":0.5526315789473685,"best_epoch":16}