{"test_logloss":0.36288782968835626,"training_time_s":9.151875257492065,"_wandb":{"runtime":8},"_runtime":8,"dur":0.5031323432922363,"val_f1":0.5329341317365269,"best_epoch":25,"test_f1":0.5552238805970149,"valid_loss":0.3691457230868206,"valid_acc":0.8489835430784124,"_step":24,"test_accuracy":0.8556201550387597,"train_loss":0.2501002545421121,"_timestamp":1.7626147188565655e+09}