{"test_f1":0.5460122699386503,"valid_loss":0.38173862481769266,"best_epoch":17,"training_time_s":4.677072286605835,"val_f1":0.5173501577287066,"test_logloss":0.392225649168897,"test_accuracy":0.8565891472868217,"_wandb":{"runtime":3},"_timestamp":1.7627108431961322e+09,"valid_acc":0.8518877057115198,"_runtime":3,"_step":16,"dur":0.18306541442871094,"train_loss":0.16439132581494925}