{"dur":0.14916419982910156,"_runtime":4,"valid_loss":0.5912168035346794,"test_accuracy":0.8304263565891473,"training_time_s":5.304309606552124,"_timestamp":1.7626160599492602e+09,"valid_acc":0.8383349467570184,"test_logloss":0.5741330643979481,"_wandb":{"runtime":4},"val_f1":0.5014925373134328,"train_loss":0.13509131330814936,"test_f1":0.5524296675191815,"_step":20,"best_epoch":21}