{"best_epoch":24,"val_f1":0.4444444444444444,"valid_loss":0.3592492108019601,"dur":0.0900261402130127,"train_loss":0.2860415619543656,"test_f1":0.4391891891891892,"test_logloss":0.39094197396072006,"valid_acc":0.8499515972894482,"test_accuracy":0.8391472868217055,"training_time_s":2.899909257888794,"_wandb":{"runtime":2},"_runtime":2,"_timestamp":1.7626224192366166e+09,"_step":23}