{"_timestamp":1.7627116031520658e+09,"valid_loss":0.3383619674091071,"test_f1":0.4968944099378882,"val_f1":0.5233644859813084,"_wandb":{"runtime":3},"valid_acc":0.8518877057115198,"training_time_s":4.38223934173584,"_runtime":3,"_step":15,"test_logloss":0.33167689475367407,"best_epoch":16,"dur":0.23864221572875977,"test_accuracy":0.8430232558139535,"train_loss":0.26925032227333956}