{"test_logloss":0.4573755878315524,"_runtime":23,"train_loss":0.45658963088058363,"test_accuracy":0.7887596899224806,"training_time_s":24.0634503364563,"val_f1":0.5231388329979879,"test_f1":0.551440329218107,"_wandb":{"runtime":23},"_step":22,"_timestamp":1.7627125104769356e+09,"valid_acc":0.7705711519845111,"dur":0.47394394874572754,"best_epoch":23,"valid_loss":0.9352786040433032}