{"best_epoch":43,"_runtime":5,"valid_loss":0.37850148182466903,"train_loss":0.227396209802583,"test_f1":0.4878048780487805,"training_time_s":5.849602937698364,"_step":42,"dur":0.09495210647583008,"valid_acc":0.846079380445305,"val_f1":0.4854368932038835,"_wandb":{"runtime":5},"_timestamp":1.7626277493472705e+09,"test_logloss":0.3774383008167362,"test_accuracy":0.8575581395348837}