{"test_logloss":0.4500664505455769,"_wandb":{"runtime":37},"_step":41,"best_epoch":42,"test_accuracy":0.7713178294573644,"_runtime":37,"_timestamp":1.7627124419036057e+09,"training_time_s":38.50026345252991,"train_loss":0.5673516954835949,"valid_loss":1.0272714536626248,"valid_acc":0.7589545014520813,"val_f1":0.516504854368932,"dur":0.6706335544586182,"test_f1":0.5426356589147286}