{"_step":22,"valid_loss":0.3376320211608089,"test_f1":0.425531914893617,"test_logloss":0.3474854612982605,"_timestamp":1.7626224228853385e+09,"test_accuracy":0.8430232558139535,"best_epoch":23,"_wandb":{"runtime":2},"dur":0.06494641304016113,"training_time_s":2.774599313735962,"_runtime":2,"valid_acc":0.8499515972894482,"val_f1":0.45229681978798586,"train_loss":0.3232321314289315}