{"test_logloss":0.49038550307095913,"best_epoch":24,"_wandb":{"runtime":3},"test_accuracy":0.8536821705426356,"valid_acc":0.8470474346563408,"training_time_s":4.414544582366943,"train_loss":0.16779743523364993,"test_f1":0.5266457680250783,"_timestamp":1.7626168407145972e+09,"_step":23,"_runtime":3,"val_f1":0.4968152866242038,"dur":0.07452559471130371,"valid_loss":0.525669171901317}