{"val_f1":0.4290909090909091,"dur":0.18016648292541504,"train_loss":0.1250281784656387,"valid_acc":0.8480154888673765,"_wandb":{"runtime":4},"valid_loss":0.8384270755121519,"_timestamp":1.7626172999930847e+09,"_step":18,"test_logloss":0.8196913952455678,"_runtime":4,"best_epoch":18,"test_accuracy":0.8604651162790697,"best_val_threshold":0.11,"test_f1":0.4626865671641791,"training_time_s":4.931529521942139,"best_val_f1":0.512}