{"_timestamp":1.7626174840207894e+09,"_step":18,"test_accuracy":0.8604651162790697,"_runtime":3,"test_f1":0.4626865671641791,"best_val_f1":0.512,"dur":0.17164111137390137,"best_epoch":18,"test_logloss":0.8196913952455678,"train_loss":0.1250281784656387,"valid_loss":0.8384270755121519,"_wandb":{"runtime":3},"valid_acc":0.8480154888673765,"best_val_threshold":0.11,"val_f1":0.4290909090909091,"training_time_s":4.62641978263855}