{"_step":17,"training_time_s":8.456324338912964,"_runtime":7,"test_f1":0.5459057071960298,"_wandb":{"runtime":7},"valid_loss":1.4346507321484208,"val_f1":0.5291005291005291,"train_loss":0.171025857041558,"test_accuracy":0.8226744186046512,"dur":0.3905172348022461,"best_epoch":18,"valid_acc":0.8276863504356244,"test_logloss":0.49823254375879145,"_timestamp":1.7627642898056188e+09}