{"test_accuracy":0.8517441860465116,"_timestamp":1.7626159834675958e+09,"test_f1":0.501628664495114,"dur":0.2936134338378906,"train_loss":0.17934681053349782,"training_time_s":8.99173378944397,"valid_loss":0.43777680510992234,"val_f1":0.512987012987013,"test_logloss":0.4632244075726187,"_runtime":8,"_wandb":{"runtime":8},"_step":24,"valid_acc":0.8547918683446273,"best_epoch":25}