{"_timestamp":1.762620673954458e+09,"dur":0.17704200744628906,"valid_loss":0.3944978667107579,"test_f1":0.5341246290801187,"val_f1":0.5284090909090909,"training_time_s":6.42875075340271,"test_accuracy":0.8478682170542635,"best_epoch":27,"test_logloss":0.37887482590526544,"_wandb":{"runtime":5},"_step":26,"train_loss":0.23835185816045368,"valid_acc":0.8393030009680542,"_runtime":5}