{"training_time_s":5.499181270599365,"test_logloss":1.0079894472028212,"test_f1":0.5026362038664324,"_runtime":4,"best_epoch":12,"test_accuracy":0.7257751937984496,"train_loss":0.6160404051139338,"_step":12,"dur":0.3527071475982666,"_timestamp":1.7626182137028923e+09,"_wandb":{"runtime":4},"best_val_threshold":0.83,"valid_loss":1.2033674220724928,"best_val_f1":0.523517382413088,"valid_acc":0.7192642787996127,"val_f1":0.5051194539249146}