{"train_loss":0.15986799560603324,"dur":0.3194293975830078,"_runtime":12,"val_f1":0.5069637883008357,"_timestamp":1.7627651807493253e+09,"best_epoch":29,"_step":28,"test_logloss":0.7986541285098524,"training_time_s":13.637744426727295,"_wandb":{"runtime":12},"valid_loss":1.9917526432716026,"valid_acc":0.8286544046466602,"test_f1":0.4872881355932203,"test_accuracy":0.7655038759689923}