{"dur":0.4526937007904053,"_wandb":{"runtime":21},"valid_loss":0.896842560717351,"test_f1":0.547244094488189,"_step":31,"train_loss":0.6002656333852532,"training_time_s":22.2856183052063,"_runtime":21,"valid_acc":0.7734753146176185,"val_f1":0.5393700787401575,"_timestamp":1.7627124017723017e+09,"best_epoch":32,"test_logloss":0.451530976259153,"test_accuracy":0.7771317829457365}