{"_wandb":{"runtime":14},"test_logloss":0.3537330363406472,"val_f1":0.5294117647058824,"test_accuracy":0.8323643410852714,"_timestamp":1.762628723575555e+09,"valid_loss":0.36558267309728,"_runtime":14,"train_loss":0.2807554993859704,"valid_acc":0.8451113262342691,"test_f1":0.4835820895522388,"dur":0.2728438377380371,"best_epoch":34,"_step":33,"training_time_s":15.000195503234863}