{"_step":23,"val_f1":0.5414847161572053,"best_epoch":24,"_timestamp":1.7627651369194577e+09,"_wandb":{"runtime":9},"test_accuracy":0.7703488372093024,"dur":0.34952425956726074,"valid_loss":1.1549785624457467,"valid_acc":0.7967086156824782,"test_f1":0.5212121212121212,"test_logloss":0.5390232329238248,"training_time_s":9.802296161651611,"train_loss":0.5058915815868358,"_runtime":9}