{"test_logloss":0.38023086162655795,"valid_loss":0.38843874005097734,"valid_acc":0.8538238141335914,"test_accuracy":0.8575581395348837,"test_f1":0.5180327868852459,"_timestamp":1.7626206663579304e+09,"_step":46,"_runtime":5,"dur":0.09192276000976562,"val_f1":0.5016501650165016,"training_time_s":5.745457410812378,"best_epoch":47,"_wandb":{"runtime":5},"train_loss":0.21580302082582425}