{"valid_acc":0.8073572120038722,"_runtime":6,"best_epoch":29,"test_logloss":0.46817944435035896,"_wandb":{"runtime":6},"dur":0.17262911796569824,"val_f1":0.5227817745803357,"_timestamp":1.7627993840025754e+09,"train_loss":0.2842923600493562,"test_f1":0.5445544554455446,"test_accuracy":0.8217054263565892,"valid_loss":1.2576190998195333,"training_time_s":6.718046426773071,"_step":28}