{"best_epoch":43,"_runtime":6,"valid_loss":0.37850148182466903,"train_loss":0.227396209802583,"test_f1":0.4878048780487805,"val_f1":0.4854368932038835,"dur":0.12611079216003418,"valid_acc":0.846079380445305,"test_logloss":0.3774383008167362,"training_time_s":6.666031360626221,"_wandb":{"runtime":6},"_timestamp":1.7626149100700035e+09,"_step":42,"test_accuracy":0.8575581395348837}