{"_wandb":{"runtime":4},"_timestamp":1.7626160981557467e+09,"_step":23,"test_accuracy":0.8459302325581395,"training_time_s":5.544633865356445,"valid_acc":0.8470474346563408,"best_epoch":24,"_runtime":4,"dur":0.32395482063293457,"test_logloss":0.9459031792690696,"train_loss":0.012938661747230053,"test_f1":0.4786885245901639,"valid_loss":1.1163478442328005,"val_f1":0.44755244755244755}